GSTIN,Company Name,Sales,Purchase,ITC,Refund,State
08FJWSH5933U1Z6,"Tata Steel Technologies",16711160,14872014,1779938,830677,Rajasthan
32OBDTE3270S1Z9,"ICICI Bank Retail",74158201,57809619,8090180,2770647,Kerala
06SVHXC2377J1Z6,"TVS Motor Retail",71292686,47421157,7968104,451016,Haryana
29DBAMM0448B1Z3,"Nestle India Corporation",85138329,51188788,5892614,293702,Karnataka
27DSYOU0953Z1Z3,"Hindalco Maharashtra Exporters",55352715,42470181,5005825,718309,Maharashtra
37GGUFB9464A1Z1,"Maruti Suzuki Technologies",75715055,57902451,9039688,3694024,Andhra Pradesh
29NQBLW6888F1Z7,"Berger Paints Karnataka Pvt Ltd",81768695,59542912,8472970,3076875,Karnataka
19KYUJC1961F1Z9,"Bajaj Finance West Bengal Pvt Ltd",17769426,12562697,2036464,733753,West Bengal
36DPMES4479H1Z5,"TVS Motor Telangana Exporters",70814510,49129466,8075271,1333121,Telangana
24YMACE7407H1Z4,"Britannia Gujarat Group",64416149,42767801,5811280,2816338,Gujarat
37FUKGV0109S1Z6,"Bharti Airtel Andhra Pradesh Pvt Ltd",55716501,40047440,5489960,1516169,Andhra Pradesh
06JUKFG8466U1Z7,"Ultratech Cement Haryana Exporters",62981492,38702554,6303046,40072950,Haryana
29OUPWL0749H1Z9,"Pidilite Industries India",47479894,133248763,23984777,1968802,Karnataka
24EFYQM8054L1Z8,"Tata Motors Gujarat Enterprises",3177553,1970068,298971,9705,Gujarat
09HOIDV8294F1Z1,"Asian Paints Uttar Pradesh Technologies",56252342,46268481,7490540,562209,Uttar Pradesh
08PJVNI9126B1Z2,"Coal India Rajasthan Logistics",55956893,103580626,18644513,1018678,Rajasthan
19OVPJL0089Z1Z6,"Voltas Ltd",24527039,14974119,1894659,89484,West Bengal
09NWOPG5158O1Z1,"ICICI Bank Logistics",12506081,10217567,1698641,224325,Uttar Pradesh
24WQTNL0070H1Z2,"Eicher Motors Gujarat Enterprises",69308286,52627594,7581474,383101,Gujarat
18IPITE9040C1Z5,"Voltas Assam Retail",46435301,31319372,3155581,428936,Assam
03FKTWZ0649L1Z2,"SBI Life Punjab Corporation",53326310,40784794,5019492,1481549,Punjab
32NCMXF0825B1Z9,"V-Guard Industries Enterprises",7343348,5547594,696106,92299,Kerala
23PAGAE5229B1Z2,"Bata India Madhya Pradesh Exporters",90055183,72288711,8917956,2054313,Madhya Pradesh
33LCYRJ2409F1Z6,"Wipro Tamil Nadu Traders",74339421,65398666,6940461,1420308,Tamil Nadu
23VCSTE6436F1Z9,"Larsen & Toubro Madhya Pradesh Exporters",54655492,41066663,6835974,123710,Madhya Pradesh
32WZJBB4007Y1Z3,"Kotak Mahindra Kerala Retail",46170010,33179198,5946063,971567,Kerala
08OZXIR1834F1Z3,"HDFC Life Rajasthan Group",62437797,49300751,8596947,3087935,Rajasthan
32SGIOH3473S1Z6,"MRF Tyres Kerala Technologies",60043538,42404641,7074662,2982607,Kerala
07QJWOM9468I1Z1,"Infosys Pvt Ltd",64092817,46479062,5600303,1586455,Delhi
33VWQYR9445H1Z6,"Maruti Suzuki Tamil Nadu Logistics",33137013,27950090,4112876,641332,Tamil Nadu
21RFVLA8876H1Z4,"Tata Consumer Products Odisha Exporters",84701022,72301042,8465576,2202276,Odisha
06ASNUN1602H1Z8,"Blue Star India",46131450,32785697,4712565,1657886,Haryana
36QODUP3377G1Z1,"V-Guard Industries India",61616118,54616565,6669843,1251386,Telangana
29TXVER0495T1Z3,"ITC Limited Karnataka Enterprises",14850999,9319260,1188815,374501,Karnataka
37NCISB3550K1Z4,"Ambuja Cements Andhra Pradesh Pvt Ltd",34277216,26541210,4464387,463896,Andhra Pradesh
18LSSNK9233W1Z2,"Dabur India Group",58527614,42199590,4602898,2849746,Assam
23SWISG8895B1Z1,"Tata Steel India",41723641,27962195,3232765,632121,Madhya Pradesh
19PWMQX3271T1Z6,"ITC Limited West Bengal Traders",21911266,15780605,2344495,232112,West Bengal
36AFIPD6793D1Z8,"Shree Cement Telangana Pvt Ltd",7251530,16509330,2971679,32116,Telangana
10IMMLB5659C1Z8,"Voltas Group",20470294,51175735,12282176,8188118,Bihar
24UTLGW0004X1Z8,"State Bank of India Traders",57595667,48508957,5419896,353771,Gujarat
03HCDDK6146P1Z8,"Asian Paints Logistics",89943045,75931913,11367800,1540092,Punjab
03XLSOQ8478T1Z7,"Reliance Industries Punjab India",76076669,45817521,8148766,3279854,Punjab
23ZSGCB8089W1Z9,"Ashok Leyland Madhya Pradesh Group",53194109,186263481,33527427,340516,Madhya Pradesh
24KJWUP4308V1Z6,"Asian Paints Technologies",66194005,43092214,7065596,1861628,Gujarat
37VHFIJ9029G1Z6,"ITC Limited Andhra Pradesh Logistics",23749015,18084872,3046817,178829,Andhra Pradesh
06FGJML5893P1Z6,"Wipro Haryana Ltd",46240363,30254197,5072197,1014094,Haryana
24MQZBJ1400G1Z4,"Maruti Suzuki Technologies",40125727,25472877,4433566,1506540,Gujarat
24GQWTT9382D1Z7,"Kotak Mahindra India",79038517,58372115,8929731,1205761,Gujarat
24DGUTD3795V1Z4,"HCL Technologies Logistics",79713623,63990727,8469072,3660894,Gujarat
32XIHYQ6482T1Z9,"Voltas Kerala Pvt Ltd",57390289,50539208,8269850,317195,Kerala
03MTQXB4156C1Z9,"Tata Steel Punjab Logistics",80135787,70610291,9983766,329591,Punjab
10CMPMY6741D1Z2,"Havells India Bihar Pvt Ltd",39872506,24588300,3236725,807145,Bihar
07NPMGJ9660R1Z6,"Tech Mahindra Exporters",53124361,44830585,7662264,23992775,Delhi
33YLQEO4621F1Z8,"HCL Technologies Technologies",60626003,50395092,8231745,1788820,Tamil Nadu
23HNSNI5294R1Z5,"IndusInd Bank India",29350664,73376660,17610398,11740266,Madhya Pradesh
06UNZGD0381Q1Z9,"ICICI Bank Traders",66872016,55574690,7750117,1404843,Haryana
10LXQHE0795Q1Z8,"Maruti Suzuki Group",40921569,31609424,4564912,344685,Bihar
23FENEL3678C1Z4,"JSW Steel Traders",88762957,67527122,10967753,3350286,Madhya Pradesh
09DCRVV5034Y1Z4,"IndusInd Bank Uttar Pradesh Logistics",28386199,70892992,12760738,522871,Uttar Pradesh
03MTYWW1176D1Z1,"Wipro Punjab Logistics",85005197,67926990,62386317,2413852,Punjab
03OELSP8075F1Z9,"Shree Cement Punjab India",86338204,52788280,5723571,2285257,Punjab
21PFHZA0716U1Z0,"Apollo Hospitals Odisha Exporters",90125601,72671857,9105662,667635,Odisha
21DWQDC4275M1Z8,"Tata Consultancy Services Corporation",14479511,8768121,1139471,30258,Odisha
19PMXNT5016R1Z4,"HCL Technologies West Bengal Traders",35447929,23036012,3200790,429816,West Bengal
37FQMMH5843E1Z7,"Crompton Greaves Andhra Pradesh Technologies",16080191,12307401,2004963,480501,Andhra Pradesh
06HCZKH5735I1Z7,"Coal India Haryana Enterprises",9894276,6194647,657744,72846,Haryana
03BOORP2002U1Z1,"Ashok Leyland Punjab Logistics",68677359,57191772,62936114,2015836,Punjab
27HXPPC5552T1Z7,"Infosys Ltd",23225236,19347608,3085237,787270,Maharashtra
33RVGZF5732B1Z9,"Hindustan Unilever Tamil Nadu Exporters",67053415,56245531,8455962,1603626,Tamil Nadu
37STSLK1751O1Z4,"Bajaj Auto Corporation",5066077,4522465,454766,62126,Andhra Pradesh
06WGOLQ9131V1Z3,"Maruti Suzuki Haryana Corporation",33075903,21766083,2970886,483744,Haryana
08ZGPGO9189W1Z0,"Hindustan Unilever Rajasthan Ltd",45846280,33338117,5410222,877060,Rajasthan
33LNBML2726A1Z5,"Marico Tamil Nadu Group",34730031,30393103,5088008,698517,Tamil Nadu
27IRXPY2705N1Z5,"NTPC Retail",58001937,45656696,4810489,1890389,Maharashtra
06HPXWD1257N1Z9,"Divis Laboratories Exporters",78733482,59238206,8106703,3860563,Haryana
06QLIRD8807Y1Z8,"V-Guard Industries Haryana Technologies",7693154,5758376,732454,125796,Haryana
08NNFHL4199C1Z8,"Hero MotoCorp Traders",30089421,24890444,3387488,567406,Rajasthan
03WDMNE1181U1Z5,"Blue Star Punjab Pvt Ltd",64396702,50234662,8119195,2416052,Punjab
08OJHEI0754T1Z3,"Dabur India India",17883418,14741773,1681730,477287,Rajasthan
18KNJLO3144T1Z1,"Infosys Logistics",70470290,61717510,6889437,42133114,Assam
33XIHOE0276M1Z5,"Tata Motors Tamil Nadu Technologies",8271467,6657096,1065983,26009,Tamil Nadu
23JPEMQ0371T1Z6,"Eicher Motors Exporters",67943834,43066606,4436389,174017,Madhya Pradesh
06KPWSS3938X1Z3,"ITC Limited Ltd",34769450,78227823,14081008,1659795,Haryana
36JADPE5800K1Z6,"Britannia Group",38145319,27130182,3957810,582462,Telangana
23FRBDZ7173U1Z1,"Nestle India Madhya Pradesh Group",13185037,8570273,1484891,616756,Madhya Pradesh
09RDEZA0203P1Z8,"Tata Consultancy Services Uttar Pradesh Traders",90182361,205682374,37022827,2804343,Uttar Pradesh
18OFJCA4573C1Z1,"Kotak Mahindra Assam Technologies",32785339,20533318,3274845,546786,Assam
18UCRBE4939B1Z4,"Hindustan Unilever Retail",1976467,1268787,138039,4978,Assam
36GJDQM3868J1Z6,"Bharat Petroleum Corporation",62968397,220194498,39635010,289588,Telangana
10SVKVV2493H1Z0,"SBI Life Bihar Technologies",22895971,17432700,2282161,492380,Bihar
18WYUJF5893S1Z6,"Kotak Mahindra Assam Technologies",33677216,29245305,4038398,141978,Assam
29QEBZM4669R1Z3,"Britannia Karnataka Exporters",64593559,40008399,6636295,660405,Karnataka
32JSJGH1998E1Z4,"JSW Steel Logistics",86533442,74276428,9953014,487813,Kerala
09XKIAH4734Y1Z8,"Bata India Uttar Pradesh Ltd",7067362,22808137,4105465,318132,Uttar Pradesh
09VDZWN3420D1Z4,"Bata India Uttar Pradesh India",7722531,6196337,935297,379788,Uttar Pradesh
33CLKAE0639K1Z8,"Hindustan Unilever Tamil Nadu Group",57802117,50519293,8815192,1815356,Tamil Nadu
19SJTAI3363A1Z2,"Dr Reddys Labs Retail",50629962,35980728,4022061,869641,West Bengal
32THPGI5469O1Z3,"NTPC Kerala Group",76607567,50081284,5315737,505640,Kerala
32FSUVT6130V1Z0,"Coal India Kerala Exporters",60624696,44992342,7936918,1115545,Kerala
09KPKLY0076U1Z0,"Nestle India Group",15861787,14231419,1468670,338390,Uttar Pradesh
21QNMVJ7083B1Z1,"Kotak Mahindra Odisha Group",26967736,18971402,3270924,337980,Odisha
03XYVZW3121I1Z5,"Shree Cement Punjab Traders",56773803,44790016,7556009,92917,Punjab
18UBPCG5486K1Z2,"Britannia India",36957171,25137953,3460768,1474402,Assam
27UXFSX6587E1Z4,"Coal India Pvt Ltd",12736976,10511223,1829551,536953,Maharashtra
33KVENK8009D1Z8,"Marico Tamil Nadu Technologies",43129379,27643730,4254845,1200833,Tamil Nadu
32MCYDJ2517F1Z4,"Bharti Airtel Traders",66470672,48792671,7151632,598790,Kerala
36JIGVD8961H1Z3,"Mahindra & Mahindra Telangana Pvt Ltd",85070998,53517656,9594208,2287027,Telangana
29GWRYP2867A1Z0,"Crompton Greaves Karnataka Exporters",17857706,11140380,1689656,459313,Karnataka
03ESWQZ7506Z1Z0,"Bharat Petroleum Exporters",49831475,38606115,5167398,505420,Punjab
32AUOJN5450N1Z5,"IndusInd Bank Kerala Ltd",74187719,63531099,11431344,1942864,Kerala
37GRGOM6816Q1Z3,"Godrej Consumer Andhra Pradesh Technologies",24254961,18331887,2741511,509214,Andhra Pradesh
18UDZQV6923S1Z9,"Eicher Motors Group",3441392,2727410,322227,31040,Assam
18LXAQM9088R1Z6,"Tata Consumer Products Assam Retail",6793013,5957232,904422,29367,Assam
32GCOXX1631C1Z0,"Nestle India Ltd",77887793,61972381,10288050,878774,Kerala
09GLOLQ7885C1Z8,"Tata Motors Logistics",59360012,38367024,5296394,2230296,Uttar Pradesh
06UDHZH5410L1Z6,"Nestle India Haryana Exporters",65777518,58306680,9591621,863380,Haryana
33IXZTY5059J1Z5,"Maruti Suzuki Tamil Nadu Traders",88309852,61143413,6948351,1425708,Tamil Nadu
33HAEEM3795M1Z9,"Ashok Leyland Corporation",51432525,151713021,27308344,1379049,Tamil Nadu
33EJDOI5658X1Z4,"Asian Paints Tamil Nadu Technologies",36108870,31122643,3842131,1747299,Tamil Nadu
07PRPMS0318P1Z5,"Wipro Delhi Corporation",89056921,312324502,56218410,3068638,Delhi
32JYUSB2971C1Z0,"Blue Star Exporters",32968534,20493902,2516341,12092245,Kerala
29KIWHI3329W1Z8,"Kotak Mahindra Technologies",29988277,23608190,3199717,1019101,Karnataka
06XORVC1170A1Z8,"Shree Cement India",62964642,51874076,8214753,530301,Haryana
10QBDVI3208E1Z8,"Bharat Petroleum Bihar India",75028830,64566105,7313583,2017479,Bihar
32AVYIB0704O1Z2,"Bajaj Finance Technologies",66693135,46640750,5597772,125699,Kerala
18OMMJZ4996E1Z0,"Havells India Assam Retail",22060737,15297654,1633676,79863,Assam
19MGFAX0852H1Z5,"Adani Ports Traders",73404054,48660660,8744098,370529,West Bengal
08JDTXG3650V1Z5,"Crompton Greaves Exporters",55877393,45018341,6061089,301903,Rajasthan
36RYJZD3350Z1Z3,"Ambuja Cements India",57164901,114711948,20648151,798685,Telangana
18SIMII1940Y1Z5,"Bajaj Auto Assam Pvt Ltd",51898595,42055743,4852001,2018649,Assam
27UDZHN5323L1Z8,"HDFC Bank Technologies",43373558,37959661,5033342,966549,Maharashtra
09ZBFSO6604X1Z1,"Godrej Consumer Uttar Pradesh India",9584579,7811585,1053669,268905,Uttar Pradesh
09LTGEM3564S1Z7,"Shree Cement Exporters",60107441,54090606,6523650,282172,Uttar Pradesh
08HCDDW4276K1Z9,"Asian Paints Rajasthan Retail",3447027,2960130,419018,60712,Rajasthan
23LBWCZ4784P1Z8,"Bajaj Auto Madhya Pradesh Enterprises",16600600,10810659,1401082,541261,Madhya Pradesh
18DPZXS3798L1Z8,"Grasim Industries Assam Retail",68130050,49429601,4995490,3139938,Assam
03HVSJY4749V1Z5,"SBI Life Traders",37482368,23972755,4271465,1224643,Punjab
03KCMMD6002A1Z5,"Hindalco Punjab Logistics",38108565,27223134,4217028,994076,Punjab
18ZSYRN6581U1Z6,"Blue Star Assam Logistics",28787450,17906582,2955089,209639,Assam
06TFGWB7002Y1Z5,"Adani Ports Ltd",18273901,37198431,6695718,820565,Haryana
24XIANQ3164A1Z6,"Grasim Industries Corporation",76418776,46282679,5269387,3007740,Gujarat
23MTROM6456V1Z5,"Divis Laboratories Logistics",71683852,53717942,8864208,1051315,Madhya Pradesh
03ORQOX0447Q1Z6,"ICICI Bank Traders",30806233,24325222,4130061,803087,Punjab
10BMELC5399Y1Z7,"Adani Ports Bihar Traders",74617238,63361286,8287623,650024,Bihar
10VBTEN6403X1Z5,"Dabur India Bihar Retail",22480688,17885418,2485550,746414,Bihar
33GCNIB0042T1Z8,"Hero MotoCorp Tamil Nadu Exporters",53567037,47454021,6136246,2498401,Tamil Nadu
23ODXXP5296E1Z0,"Divis Laboratories Madhya Pradesh Retail",26243819,22746230,2436287,14812336,Madhya Pradesh
24IMXKJ3865S1Z5,"Coal India Ltd",58003095,48506192,7462548,2782275,Gujarat
36AXXTI2198S1Z2,"Power Grid Corp Telangana Ltd",19520682,14935641,1988539,89469,Telangana
23MTQUH3332H1Z8,"Hindalco Traders",86663902,62395183,9906139,546077,Madhya Pradesh
24FTBYE3497G1Z1,"State Bank of India Exporters",30544405,22083455,3112143,173125,Gujarat
36YAEFG7509N1Z2,"Apollo Hospitals Retail",52905520,43501253,4730134,2038191,Telangana
33FOZQK8650G1Z2,"Bata India Tamil Nadu Logistics",43089170,27718647,3159034,1991316,Tamil Nadu
18APNLT8255N1Z7,"Godrej Consumer Traders",8515529,6713799,807447,418034,Assam
21DREYV9798T1Z2,"Shree Cement Corporation",8020816,5176892,637375,287085,Odisha
08HZLMX0232R1Z3,"Tata Consultancy Services Rajasthan Ltd",73354478,50980300,8046618,3142488,Rajasthan
09CNLUZ6057I1Z3,"Berger Paints Uttar Pradesh Traders",67804991,48511146,4955049,532499,Uttar Pradesh
08LXNZF4349B1Z1,"Tech Mahindra Group",22414371,17544308,2605697,650123,Rajasthan
21KYZMW5964D1Z6,"Wipro Retail",17194207,10592683,1738387,187329,Odisha
23HHXSM5262M1Z7,"IndusInd Bank Traders",8471173,6093856,825003,99844,Madhya Pradesh
27CHXWF5954V1Z0,"HDFC Bank Maharashtra Logistics",40226885,24875743,2716657,1729118,Maharashtra
09MSWSD7416G1Z5,"Hero MotoCorp India",80447880,61686764,7695612,790459,Uttar Pradesh
18WHIYW9043I1Z3,"SBI Life Assam Retail",55022979,44619637,5489781,1540519,Assam
33OXPVQ0022H1Z2,"HDFC Bank Tamil Nadu Traders",9953357,17770922,3198766,326663,Tamil Nadu
32FSHJW2643A1Z4,"Pidilite Industries Ltd",62687757,46421391,6683166,2474011,Kerala
32GSIOI6437T1Z1,"NTPC Kerala Exporters",34652097,26014661,4550535,1090746,Kerala
37VFCVL9834Z1Z1,"Tata Steel Enterprises",79957806,50201884,7514572,2458156,Andhra Pradesh
06UNXVC2140Z1Z3,"HDFC Life Haryana Corporation",90283617,298945698,53810226,2480237,Haryana
06BAVEX9934Y1Z8,"HDFC Life Haryana Logistics",51160127,44397250,7571445,1724568,Haryana
06UGMZS7805A1Z0,"HDFC Bank India",53494580,46277119,7485258,1692219,Haryana
08EBXDC8932R1Z0,"UPL Limited Rajasthan India",82726129,65016342,10352656,3793708,Rajasthan
21FGDFM3469T1Z1,"Hindustan Unilever Odisha Technologies",65474830,55609120,7720276,1371554,Odisha
24BGNAH7634D1Z3,"Sun Pharmaceutical Corporation",47977645,40891472,5207221,828682,Gujarat
06EVWBI2557E1Z4,"Apollo Hospitals Haryana Logistics",31491953,27084046,3885231,360229,Haryana
24SOVJF1678J1Z4,"Wipro Corporation",1392000,1184084,128051,14587,Gujarat
08WVDZQ3808R1Z8,"Sun Pharmaceutical Rajasthan India",24055230,60138075,14433138,9622092,Rajasthan
07PXVPS6129P1Z1,"Asian Paints Ltd",71530021,61973570,7298315,390757,Delhi
32YJOUU9910P1Z3,"Sun Pharmaceutical Kerala Ltd",6807249,6012436,5452312,58088,Kerala
29ULNSX8468X1Z3,"Bata India Karnataka Enterprises",25207826,17155434,1950431,28886,Karnataka
19COVZX3956K1Z4,"Nestle India Technologies",8367729,6779813,1184241,87857,West Bengal
08HZTCW6567N1Z4,"IndusInd Bank Rajasthan Enterprises",27989767,21056334,3491557,478349,Rajasthan
33BCRRH9897A1Z9,"V-Guard Industries Pvt Ltd",34699366,24580308,3596933,745386,Tamil Nadu
09MJJHP7459O1Z6,"Marico Retail",31239390,68452094,12321377,1245006,Uttar Pradesh
36LJPIE1443P1Z5,"IndusInd Bank Telangana Pvt Ltd",89913661,66182692,10394023,3817511,Telangana
07FHXXH3404D1Z3,"Dr Reddys Labs Delhi Logistics",45677418,35464379,4391716,830553,Delhi
29SYXYY0200N1Z1,"IndusInd Bank Logistics",22404741,16324105,2380334,969723,Karnataka
24RNRRB8126N1Z7,"HCL Technologies Gujarat Retail",74719140,62549338,10716275,3142965,Gujarat
03HOKHF3201F1Z0,"Ambuja Cements Pvt Ltd",39315959,31991907,27666915,508070,Punjab
32GHTMS4756N1Z7,"Apollo Hospitals Traders",56803054,36272299,3963400,1612889,Kerala
19RGZWH0599E1Z1,"MRF Tyres West Bengal Retail",8881372,20036327,3606539,436361,West Bengal
33HFQAW9380D1Z3,"Berger Paints Tamil Nadu Retail",84899332,76245831,10161995,2207623,Tamil Nadu
06AUNKZ6786O1Z5,"Hindalco Haryana Corporation",29083514,19387489,2980485,448419,Haryana
07EUBNM5048I1Z3,"Eicher Motors Corporation",21633869,16300634,2920696,1023668,Delhi
24XQIIR4917X1Z6,"Pidilite Industries Gujarat Corporation",88138839,59518199,9743504,1722914,Gujarat
36OEMNX5305V1Z3,"Crompton Greaves Traders",10712253,25000469,4500084,417180,Telangana
10RFSNW3703O1Z3,"Marico Bihar Ltd",25440112,16582471,1887762,521680,Bihar
24IEWQP8896N1Z0,"TVS Motor Gujarat Pvt Ltd",87422538,66373891,10493757,1629525,Gujarat
23VGEXL7316B1Z9,"ITC Limited Madhya Pradesh Group",6590442,4256966,505043,323180,Madhya Pradesh
24HSTEH1901S1Z8,"Shree Cement Gujarat Technologies",26201962,18845927,2560164,1308462,Gujarat
23SFQKA9540B1Z4,"Adani Ports Madhya Pradesh Enterprises",1960900,1597288,192373,94254,Madhya Pradesh
33WZFHT4425Y1Z4,"Infosys Tamil Nadu Corporation",89823050,75117945,13193858,1702192,Tamil Nadu
09KGENM6092B1Z9,"Wipro Ltd",70817152,56751398,6932719,1033849,Uttar Pradesh
32UHKZU6199A1Z7,"Voltas Pvt Ltd",81569764,52879448,5858246,1024129,Kerala
06GZUYB5378A1Z2,"Dr Reddys Labs Haryana India",78802489,59558801,7777873,3627970,Haryana
24PAECF5112I1Z4,"Wipro Exporters",63478964,44240459,7718422,235274,Gujarat
33WVCWF9397B1Z8,"Divis Laboratories Tamil Nadu Traders",23840324,18998147,2265499,22532,Tamil Nadu
37ZYGAZ5795E1Z6,"Power Grid Corp Ltd",55557205,49557305,7561731,1737974,Andhra Pradesh
23JTESG8869L1Z8,"Shree Cement Madhya Pradesh Traders",54884860,44177904,7192154,1079075,Madhya Pradesh
27RLVZY8260Y1Z1,"Kotak Mahindra Technologies",22945908,17644689,2675849,699888,Maharashtra
06HKKBQ1876N1Z6,"Coal India India",51028279,35563202,5052221,1416644,Haryana
32KUVLO5298W1Z6,"Voltas Kerala Retail",75060271,65644441,6768261,3368749,Kerala
18OYZNI5519P1Z9,"Apollo Hospitals India",59672117,37989711,35180807,2322449,Assam
08EHEPH3633D1Z9,"Eicher Motors Enterprises",69652631,58280589,7738690,37447418,Rajasthan
37OHSVJ3985J1Z0,"ICICI Bank Ltd",43640419,29346118,4314831,2170195,Andhra Pradesh
29CZVHM6387V1Z4,"Pidilite Industries Traders",44063185,110639241,19915063,1903809,Karnataka
21KKKDR6745P1Z4,"HDFC Bank Ltd",49353045,30315150,4808154,220828,Odisha
36FKWGK6713X1Z5,"Power Grid Corp Group",32117231,21829810,3469576,1427089,Telangana
19LDEXE2007D1Z8,"Infosys Exporters",21354543,13538375,1544880,914880,West Bengal
06OXLDP8464Y1Z5,"Infosys Haryana Corporation",9736829,7739931,1055217,420883,Haryana
24VTWDP2852T1Z3,"Larsen & Toubro Ltd",37179497,25402942,2872972,1734286,Gujarat
09DUTLT1698A1Z0,"NTPC Corporation",58394559,50502396,6653734,1103892,Uttar Pradesh
10FWKVV3742Z1Z8,"Ashok Leyland Bihar India",67915220,57864214,10128790,2832309,Bihar
06XDDCG8143Z1Z9,"Ultratech Cement Haryana Logistics",65980608,52780514,7713261,101562,Haryana
24LMFHD5513D1Z0,"Adani Ports Traders",45965136,30838468,4927905,1071908,Gujarat
27LSFLN3126I1Z0,"Adani Ports Maharashtra Ltd",23404775,18011438,2146808,322596,Maharashtra
32WYKKR4644H1Z0,"SBI Life Kerala Ltd",1540221,1264892,175581,19825,Kerala
08PFAEV6619A1Z2,"Havells India Rajasthan Ltd",7500067,4851760,801374,359604,Rajasthan
08YIJGE4303Y1Z6,"HDFC Life Enterprises",75478126,48070679,8101946,358500,Rajasthan
08PZGMW1310S1Z5,"Maruti Suzuki Logistics",45557899,36802929,6118829,1189655,Rajasthan
33DOTSU2462V1Z5,"Dr Reddys Labs Enterprises",78335441,55401515,6806648,3846209,Tamil Nadu
18EAJRI4088S1Z2,"Hindalco Group",20705221,16762161,2682083,451974,Assam
10UCWPB4899C1Z4,"Bharti Airtel Bihar Exporters",47933710,33225076,4785329,1186349,Bihar
07VFHVX2598K1Z6,"ITC Limited Delhi Logistics",53588616,38952561,5940239,2663321,Delhi
23ZGBDG2299A1Z2,"Grasim Industries Madhya Pradesh Logistics",43858054,35106958,5601435,706547,Madhya Pradesh
10LSEVU5758L1Z5,"Dr Reddys Labs Bihar Group",13799607,9396953,1590449,411952,Bihar
09SUUYC9975U1Z5,"IndusInd Bank Uttar Pradesh Traders",76322625,66472165,10351727,1852321,Uttar Pradesh
03JYYBK4457H1Z9,"ICICI Bank Logistics",19946090,17612777,2533361,562693,Punjab
29DXFCC4797V1Z4,"V-Guard Industries Karnataka Enterprises",10965572,9812195,1298392,195181,Karnataka
23BKWFF8629L1Z6,"Adani Ports India",71028380,44415575,4448831,2742459,Madhya Pradesh
07TXBOB8705F1Z2,"Grasim Industries Delhi Logistics",69963388,59799597,10170291,1345674,Delhi
03AGQDQ2199U1Z4,"Tata Steel Punjab Retail",69334686,41809214,5050021,3057691,Punjab
36ONNKA5052D1Z0,"Blue Star India",75944341,64770646,8568870,985523,Telangana
29JMETD4732S1Z1,"Coal India Karnataka Traders",37821115,28491784,3463913,1701139,Karnataka
19YVVTH8089W1Z0,"TVS Motor Enterprises",64660003,40575567,5817475,2726669,West Bengal
07JKIUE5918E1Z8,"Dabur India Exporters",26255762,16158661,2498666,565338,Delhi
36VEJMS0216D1Z0,"Larsen & Toubro Telangana Ltd",15972617,44538194,8016875,409258,Telangana
09GFXNW2020A1Z3,"Hindustan Unilever Uttar Pradesh Retail",47151513,30097429,5001664,2043323,Uttar Pradesh
23ITSLD0136P1Z3,"Ambuja Cements Traders",13813211,12352195,2069879,476161,Madhya Pradesh
33PIAUC5104H1Z3,"Coal India Tamil Nadu Traders",70885448,63359378,8189652,737211,Tamil Nadu
27ULGOS7887I1Z4,"Adani Ports Maharashtra Pvt Ltd",40462111,30856332,5434210,1798668,Maharashtra
19VYZPQ3449E1Z0,"Tata Consumer Products West Bengal Technologies",8694347,7277154,1293471,229783,West Bengal
08TDNSH7547F1Z6,"Kotak Mahindra Rajasthan Technologies",18432980,14636279,1522789,666586,Rajasthan
19KHIBS8053S1Z1,"Kotak Mahindra West Bengal Retail",76035628,57749310,7482850,2920337,West Bengal
18LOBBF6385Z1Z0,"Bata India Enterprises",17585458,43963645,10551275,7034183,Assam
19GRQGE1918S1Z0,"HDFC Bank West Bengal Ltd",88121230,54080324,8411088,1544683,West Bengal
06QJJWA2932P1Z4,"UPL Limited Haryana Retail",85139974,56858290,9221472,654945,Haryana
32ILGXB3598C1Z9,"Havells India Kerala Retail",77848208,47462595,8322128,2688883,Kerala
19DSWSF0009R1Z7,"HDFC Bank West Bengal Corporation",66741968,58617649,10239017,169334,West Bengal
09BJYDN9482C1Z1,"Power Grid Corp Retail",46896573,29913410,4881618,1307737,Uttar Pradesh
06BGCCT3862J1Z8,"HDFC Life Haryana Retail",51030515,30825452,4461455,383362,Haryana
06IBESH1457U1Z7,"Tata Motors Exporters",32940370,21580221,2514346,1206534,Haryana
23BSIGT9355B1Z3,"Godrej Consumer India",51709283,36025287,3936871,554573,Madhya Pradesh
37AILIZ2219G1Z6,"Wipro India",22423936,16968957,3007343,309788,Andhra Pradesh
29SHQAJ1131E1Z4,"Larsen & Toubro Pvt Ltd",36978681,92446703,22187209,14791472,Karnataka
29NHITU8058S1Z7,"Tata Motors Karnataka Ltd",43348630,28241464,3340705,1030826,Karnataka
21KCQGC2913B1Z0,"Mahindra & Mahindra Odisha Group",54382415,46035329,51643578,802483,Odisha
09YVYXI4843H1Z7,"Hero MotoCorp Uttar Pradesh Technologies",3781117,2291337,360897,81317,Uttar Pradesh
36THRVV5141N1Z9,"Hindustan Unilever Telangana India",81589111,56539655,6982830,394507,Telangana
32KGEOC6399O1Z0,"Adani Ports Kerala India",23063700,16411836,1809047,388201,Kerala
19APSQZ6890E1Z2,"Reliance Industries Pvt Ltd",27475818,22826964,3850172,13023950,West Bengal
32STEPE7276C1Z3,"Wipro Enterprises",73201415,58465746,9368977,2909268,Kerala
18OLZRY0071X1Z7,"Bajaj Auto Traders",56934486,143197390,25775530,65334,Assam
23VUKHD3983U1Z1,"Shree Cement Logistics",57571011,37941094,5014316,2388849,Madhya Pradesh
03NBVXB1846O1Z9,"Dr Reddys Labs Punjab Technologies",88335735,59929823,6041580,718445,Punjab
19DNMQJ8752S1Z4,"Hero MotoCorp Corporation",66426055,40156129,4951761,1906445,West Bengal
08TRNHU0354C1Z4,"Bajaj Auto Pvt Ltd",42264230,29319862,3654592,16429828,Rajasthan
32HVNGQ9930K1Z7,"Sun Pharmaceutical Kerala Logistics",71919370,47957780,8389003,2069865,Kerala
19AQCUH4808Q1Z7,"NTPC West Bengal Exporters",25601035,17025098,2302072,231444,West Bengal
08KXIOL5922O1Z7,"Cipla Rajasthan Ltd",34733482,29965757,3440474,273772,Rajasthan
18PDASZ1565R1Z2,"Bajaj Finance Assam Exporters",6032403,3633896,396225,76954,Assam
03VRDNB3044Z1Z8,"Ultratech Cement Pvt Ltd",21258349,13769876,1413571,704457,Punjab
27QNZLY0643B1Z4,"Infosys Exporters",4805833,3403816,590226,79209,Maharashtra
03YZWSL5101K1Z7,"Wipro Enterprises",61949406,55604656,5765122,2604135,Punjab
03JKXBD7950G1Z0,"SBI Life Technologies",31924662,25148576,3421801,1126644,Punjab
21MTGGC9004M1Z9,"Nestle India Odisha India",79016934,70827482,8783429,308438,Odisha
07UUVWP8499S1Z3,"Bharti Airtel Exporters",12188158,10650273,1346642,433117,Delhi
10BGQQV9806H1Z4,"Eicher Motors Bihar Technologies",18399769,14750032,1875160,258666,Bihar
32VMSUM1552D1Z9,"Tata Steel Kerala Pvt Ltd",16705760,13055228,2239012,593649,Kerala
27QPVCS8951U1Z4,"JSW Steel Exporters",68947761,62016483,10547621,1944985,Maharashtra
21VVBFN1506L1Z1,"Larsen & Toubro Technologies",84674511,55543228,6422941,141968,Odisha
06IJIQN3318O1Z8,"Divis Laboratories Ltd",32095814,27459485,3712417,1388961,Haryana
23AKGNK4838F1Z2,"Bharat Petroleum Madhya Pradesh Group",64275013,52600300,7306694,1140239,Madhya Pradesh
27DUOOO5762P1Z0,"Wipro Corporation",70138576,252209166,45397650,125904,Maharashtra
03XHCRV1766A1Z7,"Bajaj Auto Punjab Retail",18119638,14416635,1999546,103327,Punjab
09OCCSP4159S1Z3,"State Bank of India Uttar Pradesh Exporters",11693709,9146701,1102016,539430,Uttar Pradesh
36IJUVL1891J1Z5,"HDFC Bank Corporation",1846954,1527766,247895,22008,Telangana
24AAHSL0087N1Z4,"Dabur India Technologies",47090355,34118305,4561412,957408,Gujarat
19QATTZ3554P1Z6,"Asian Paints West Bengal Enterprises",26786344,22939973,2879811,1147690,West Bengal
19ZDIHT9995J1Z7,"Tech Mahindra West Bengal Corporation",84574127,239552566,43119462,949634,West Bengal
33CPTEK1632H1Z3,"Nestle India Retail",65136923,43012137,48680766,3155353,Tamil Nadu
07EFVAF8074C1Z4,"Tech Mahindra Traders",75921851,62149625,10427378,2405666,Delhi
24YPBGL1130Z1Z1,"Bajaj Finance Ltd",2259874,1401961,171683,1443481,Gujarat
33HRUHM3808C1Z2,"MRF Tyres Tamil Nadu Exporters",74716298,64590513,10737641,3038260,Tamil Nadu
36EZTDQ0668T1Z1,"Ambuja Cements India",83376100,50970260,7571818,2401910,Telangana
36HPCQN5502I1Z5,"Bajaj Finance Logistics",62886365,51629655,6130081,39280225,Telangana
23DYOQR5070U1Z4,"Coal India Madhya Pradesh Logistics",36079632,30392943,5394749,850168,Madhya Pradesh
18OGIMJ6306Q1Z1,"Adani Ports Logistics",69949739,52090518,5629486,887812,Assam
27DXMJM2541A1Z8,"Marico Maharashtra Traders",71054547,62003795,10620868,2037039,Maharashtra
23GRLUS5855I1Z5,"IndusInd Bank India",73257595,48286710,5353494,1846936,Madhya Pradesh
33MIYGN9805N1Z0,"TVS Motor Ltd",32743663,24178116,3680003,1282237,Tamil Nadu
27EVBZK6538A1Z6,"Hero MotoCorp Group",73597220,57703848,9216006,3439277,Maharashtra
18YREHG6615F1Z3,"Eicher Motors Assam Enterprises",66897324,41696410,6517739,1140682,Assam
03NIENB3996M1Z3,"Blue Star Punjab Retail",32845411,26182747,3184219,1268449,Punjab
08GZLEQ4826U1Z6,"IndusInd Bank Rajasthan Group",23817457,18108936,2904454,656479,Rajasthan
21CUEVR6736S1Z2,"HDFC Bank Odisha Traders",78921544,51810084,5305433,2262372,Odisha
36RFLDW1688X1Z9,"Hindalco Logistics",67525636,43722034,5203296,3172079,Telangana
33CATBC1222R1Z9,"Havells India Tamil Nadu Enterprises",84545078,53212855,7101534,2972277,Tamil Nadu
09BYROQ1748Q1Z9,"Bata India Group",21041426,16585270,1876465,13234465,Uttar Pradesh
24PVMLZ2616M1Z9,"Eicher Motors Traders",55538408,39493328,6015567,782105,Gujarat
24XQNEK8653H1Z8,"Bharti Airtel Gujarat India",22957814,16104790,2176157,10049,Gujarat
27OAYIJ7780B1Z0,"IndusInd Bank Group",71377986,44981385,6091160,1119177,Maharashtra
07AVRDR9376X1Z7,"Blue Star Group",42286474,36721089,3961667,1992133,Delhi
29JBMTX7380W1Z5,"Havells India Logistics",78885164,65868571,9629465,1042849,Karnataka
32GEVRT1077G1Z6,"TVS Motor Kerala Group",86033815,260207665,46837380,945428,Kerala
09GICMR2534I1Z3,"Sun Pharmaceutical Uttar Pradesh Ltd",67486690,58060495,8369518,911034,Uttar Pradesh
32YVACL3377N1Z8,"Britannia Traders",24496099,18199778,2319353,99821,Kerala
08HWUYP6919E1Z2,"Coal India Logistics",13934623,11905902,1401523,457656,Rajasthan
27TOJDV4111Q1Z2,"Divis Laboratories Maharashtra Retail",83185438,51693315,6681299,3957399,Maharashtra
36RAPBJ4409F1Z3,"Tata Consumer Products Technologies",75244400,66478034,9358881,2884455,Telangana
37KNYCM2478N1Z6,"TVS Motor Pvt Ltd",10688677,9299675,1328561,235163,Andhra Pradesh
32AVCTV8852D1Z0,"State Bank of India Kerala Enterprises",52789172,45846358,6749888,2012994,Kerala
24WSWIX5676P1Z1,"Maruti Suzuki Gujarat Exporters",52778737,32397025,4987614,126577,Gujarat
10WTSYR2183U1Z8,"Shree Cement Bihar Group",7768125,5755395,786646,2836187,Bihar
06IJAUI2846E1Z5,"Eicher Motors Haryana Logistics",50159807,32944999,3815571,425234,Haryana
37PWYKJ3738Q1Z1,"Mahindra & Mahindra Andhra Pradesh Logistics",80150951,67761717,11085722,2905717,Andhra Pradesh
18UNRUU0983M1Z6,"Cipla Assam Retail",35394660,88486650,21236796,14157864,Assam
10PYRCQ9426N1Z5,"UPL Limited Bihar Exporters",8752024,7285425,1063244,36924,Bihar
03MVDIK0960S1Z3,"Ashok Leyland Punjab Corporation",25292806,17598902,2872333,532598,Punjab
23IZHBF9428G1Z5,"Cipla Madhya Pradesh Exporters",52221568,35137115,4574424,1797527,Madhya Pradesh
06CWMWK4301P1Z2,"JSW Steel Haryana Technologies",28813068,20580855,2187705,928182,Haryana
03KUBEB4994N1Z6,"Voltas Punjab India",22015269,19243694,3090532,519884,Punjab
10DGZVZ3233W1Z1,"HDFC Life Bihar Retail",31638869,22793216,2373381,153680,Bihar
27FCBCR7091R1Z7,"Coal India Pvt Ltd",61365708,50260358,5707212,2729390,Maharashtra
08QCBWJ8177M1Z0,"Tata Consultancy Services Retail",45470007,28928479,4058617,1176521,Rajasthan
03NSRME7479D1Z9,"Havells India Punjab Retail",69425320,57660784,6527984,1270531,Punjab
29CMEZI8869G1Z1,"Mahindra & Mahindra Karnataka Group",15222544,37752291,6795412,515377,Karnataka
33CJMZG7859Z1Z3,"Ultratech Cement Tamil Nadu Logistics",71790366,47259011,51106482,2306018,Tamil Nadu
32OWVLS1383H1Z4,"Wipro Kerala Ltd",86001529,77339154,9630544,4100854,Kerala
10KPFAR8688K1Z5,"Dabur India Bihar Group",15714339,10414159,1346789,279106,Bihar
36XHHMX8330C1Z4,"JSW Steel Telangana Retail",18284705,11733855,1607486,245401,Telangana
06SAQKA1616G1Z6,"SBI Life Group",42172239,35836732,4805288,61032,Haryana
32JRTKM1660R1Z4,"Tata Consumer Products Kerala Exporters",47732281,41656073,4633177,2194124,Kerala
08ILEEV7191D1Z6,"Berger Paints Retail",31027595,23963737,4263791,600975,Rajasthan
18RRZMQ1019P1Z7,"Coal India Assam Exporters",81553685,67212713,58765060,3027183,Assam
37XFJXE0162Q1Z7,"Larsen & Toubro Corporation",49762448,31205001,4269085,1056054,Andhra Pradesh
33BSEDM8104B1Z9,"Infosys Tamil Nadu Corporation",47597872,39800049,6763848,25512230,Tamil Nadu
07ICOJX4960I1Z5,"Eicher Motors Retail",61059717,42555969,7520106,704209,Delhi
19UCJUK5740K1Z0,"Dr Reddys Labs West Bengal Retail",73379911,51362431,6985428,3612920,West Bengal
37EOTSB7728I1Z2,"Mahindra & Mahindra Andhra Pradesh Exporters",4781371,4047434,4070195,198341,Andhra Pradesh
06VDVGI0467I1Z8,"Infosys Logistics",47502305,35541795,3698954,507564,Haryana
10AIBWF6579Z1Z8,"Bajaj Finance Bihar Logistics",70075121,42971531,5821543,3128217,Bihar
24XAGGN8393J1Z7,"Cipla Gujarat Traders",39274682,74316866,13377036,1772594,Gujarat
27WDWTT1501T1Z6,"Britannia Enterprises",35174212,26514552,22936706,139208,Maharashtra
29WHUJA4763S1Z7,"Infosys India",80476266,62026471,9530110,2802751,Karnataka
18GISLQ2731S1Z2,"Power Grid Corp Assam India",54121944,44903571,5229887,657020,Assam
24NYWME3040A1Z0,"Havells India Gujarat Logistics",67777163,169442908,40666298,27110865,Gujarat
27YRUAV0586K1Z3,"Britannia Maharashtra Enterprises",16652901,10289451,1104631,10307,Maharashtra
19NBKLL7245K1Z2,"Crompton Greaves West Bengal Group",77394784,53615292,6168998,707545,West Bengal
27ELLHR7596X1Z6,"JSW Steel Ltd",55102793,49303190,6181640,902182,Maharashtra
29EDEOG0344V1Z0,"Apollo Hospitals Karnataka Logistics",34349777,24380815,3445570,15683487,Karnataka
18LMSAD1871P1Z7,"Larsen & Toubro Assam Traders",27551595,20434565,2529470,286711,Assam
19XOHBX3390J1Z1,"Power Grid Corp West Bengal Enterprises",67540839,50040953,8248985,2310531,West Bengal
09WOHEU1537P1Z2,"Godrej Consumer Logistics",16043271,10649900,1639026,124248,Uttar Pradesh
03AYVCD8965E1Z7,"Nestle India India",55170977,43754042,5709972,779754,Punjab
21LSQCT3173I1Z6,"Bharti Airtel Pvt Ltd",39168752,28277444,3986087,1658859,Odisha
19FGQWJ2072D1Z5,"Tech Mahindra West Bengal Retail",70104812,48173016,7216941,1559558,West Bengal
36XEWDI7710V1Z4,"Wipro Telangana Pvt Ltd",82669287,52281580,6615807,2367699,Telangana
10ABTQA1420O1Z2,"HDFC Life Pvt Ltd",59924284,44979097,5870499,855851,Bihar
07WIOWG6331Z1Z6,"Grasim Industries Delhi Exporters",1342360,986692,105454,55298,Delhi
08PIFIY4876E1Z8,"Wipro Logistics",23814823,17300773,1957108,677643,Rajasthan
10JXUON5247B1Z3,"UPL Limited Bihar Group",1060021,795089,100278,34722,Bihar
36JDYLQ3927V1Z3,"Tech Mahindra Telangana Corporation",22749438,18227110,2416531,13851404,Telangana
29AXZXT2930Z1Z3,"TVS Motor Group",87571755,64260992,9184500,4078252,Karnataka
06LSQIT9884O1Z9,"Adani Ports India",73376005,44523372,5069863,152113,Haryana
18GVRKW8723C1Z2,"Nestle India Traders",33624555,23262095,4034223,1102434,Assam
07SMKJL3955V1Z9,"UPL Limited Logistics",34630957,23307803,4178630,1189788,Delhi
21WMFTE3047G1Z8,"Asian Paints India",69713198,56222932,5767301,1090376,Odisha
10EQSZO1417Y1Z5,"Tata Steel Traders",69912994,44356370,6403856,2587582,Bihar
23IXZQG9311Q1Z8,"HDFC Life Madhya Pradesh India",63198547,43647085,7610138,2931089,Madhya Pradesh
19SCIDT3124Z1Z3,"Nestle India West Bengal Retail",21786407,13945531,1468851,746510,West Bengal
07IQPKM1674C1Z0,"State Bank of India Pvt Ltd",87963137,74889486,8584710,1010066,Delhi
33YDZRK2812P1Z9,"Ultratech Cement Group",64540209,41450916,5250904,2818528,Tamil Nadu
24DINQM9328R1Z3,"Apollo Hospitals Gujarat Technologies",69299730,59996781,10742687,2238924,Gujarat
37CQFHS4697J1Z7,"HDFC Life Exporters",79561164,198902910,47736698,31824466,Andhra Pradesh
08QNOEY9776W1Z2,"Havells India Group",38770411,31773528,4898940,1357751,Rajasthan
36IRIKM3020Y1Z2,"Apollo Hospitals Telangana Corporation",82639869,61954229,9251539,3650274,Telangana
23MRDQS8899U1Z3,"Adani Ports Madhya Pradesh Pvt Ltd",60059131,40470258,5499716,2060107,Madhya Pradesh
03BIIWF0245X1Z4,"Tata Motors Punjab Technologies",37096149,31173029,5416486,1807613,Punjab
10FMSEI9769K1Z9,"Ultratech Cement India",76206097,56350551,8926400,1955503,Bihar
24KEPWT4768Z1Z9,"Apollo Hospitals Retail",55861362,42317712,6982299,30055860,Gujarat
07FAUSH5905T1Z6,"Voltas Delhi Group",27469105,24387158,3270725,1262397,Delhi
33EOPMH1718J1Z4,"Apollo Hospitals Pvt Ltd",72382334,57253537,8806824,1944755,Tamil Nadu
36PSLEU6958H1Z5,"UPL Limited Telangana Logistics",70707104,60613531,8914811,2326410,Telangana
07ZHTXE7234T1Z1,"Ashok Leyland Delhi Exporters",27806776,18742470,2482678,927818,Delhi
36MPKBW2751C1Z8,"Reliance Industries Telangana Enterprises",46645310,39749306,31049170,913611,Telangana
06YABGP8768H1Z4,"Tata Consultancy Services Haryana Enterprises",51181059,38251663,5407199,1398474,Haryana
21HWSKP7955M1Z9,"Hindalco Odisha Exporters",13004480,11092295,1921694,171923,Odisha
10AITNX3955A1Z0,"Larsen & Toubro Bihar Exporters",56316221,42571178,6376010,1515723,Bihar
03RKJGG7648V1Z1,"Nestle India India",42688002,29831414,4082375,1190269,Punjab
07WJYZQ3857H1Z3,"Coal India Delhi Pvt Ltd",76548107,60208618,8675257,646640,Delhi
08YSOYB8748Q1Z6,"Infosys Group",88265324,76942247,13603668,3789001,Rajasthan
32MWKQO0182J1Z7,"ICICI Bank Kerala Traders",88073262,69018472,7724082,3823713,Kerala
33HPHPE4745B1Z0,"SBI Life Group",38884050,31742451,3799452,760288,Tamil Nadu
23XWMYO0322W1Z7,"Ultratech Cement Group",3344341,2475365,334517,98461,Madhya Pradesh
36ZLZVN1069O1Z8,"Blue Star Traders",12392419,9136654,1170010,68501,Telangana
33ROUAY8775Y1Z9,"Bharat Petroleum Retail",43959208,32704019,4134066,2080638,Tamil Nadu
18HUFOI1073Y1Z4,"Reliance Industries Assam Exporters",37907441,29564069,3869216,1494345,Assam
10QMIVG7884T1Z7,"HCL Technologies Enterprises",82319788,63972061,7522406,2543848,Bihar
32IFZTC7424K1Z3,"Maruti Suzuki Kerala Enterprises",22706302,14836472,2155257,1114984,Kerala
24AQCCE4813W1Z2,"Voltas Retail",2726340,5120938,921769,12221,Gujarat
08WMUKJ2451G1Z9,"HCL Technologies Rajasthan Exporters",53701395,42957731,5303698,2651136,Rajasthan
32LFSXE4599D1Z1,"Ashok Leyland Pvt Ltd",16138195,14296363,2383596,241356,Kerala
06AKPOC5574T1Z8,"SBI Life Haryana Exporters",17338689,15025911,1834287,576062,Haryana
33RIJRD1127D1Z6,"Crompton Greaves Group",16585765,14425715,2446965,310589,Tamil Nadu
36FKGXN4751S1Z3,"Havells India Corporation",63030185,50730043,6919199,348509,Telangana
03OZOBX5459Q1Z6,"Blue Star India",17561023,13167048,1692340,81759,Punjab
21CQZVQ5428Z1Z1,"Tech Mahindra Enterprises",77690033,148721722,26769910,520650,Odisha
09RRHIZ3527J1Z2,"Grasim Industries Uttar Pradesh Traders",14770122,11418315,1605520,476934,Uttar Pradesh
33WAIUJ0307O1Z4,"Wipro Corporation",8665731,7268180,1050711,287612,Tamil Nadu
27KJTPE4583Q1Z3,"Bharat Petroleum Traders",64024771,48771855,7950101,1814960,Maharashtra
18RVYVP8093C1Z8,"IndusInd Bank Assam Logistics",25853998,17245334,2208276,293431,Assam
21QKRPX5241J1Z7,"Infosys Odisha Enterprises",30101556,25115801,2608815,716256,Odisha
06JXLUI7195H1Z8,"Grasim Industries Enterprises",51672175,33031353,4772167,2153947,Haryana
36IETCC6120Q1Z0,"UPL Limited Pvt Ltd",53496261,35689976,6336240,602682,Telangana
29CRCER1172N1Z6,"Pidilite Industries Karnataka India",40744975,32708257,3820073,1269824,Karnataka
07ZOJOK6161Z1Z8,"TVS Motor Logistics",68827947,56297009,6023799,1907459,Delhi
27ZWELF0083Y1Z7,"NTPC Technologies",39277742,27683016,3864149,1562857,Maharashtra
03OOENC3889L1Z2,"Sun Pharmaceutical Pvt Ltd",59041293,48233522,5668661,1627993,Punjab
36KYHBP5802A1Z3,"State Bank of India Telangana Exporters",31114364,26680735,3874086,37951,Telangana
32RJWBF8256Y1Z1,"Sun Pharmaceutical Kerala Technologies",9008097,7665261,866601,191728,Kerala
32ISYYM5169K1Z0,"Tata Consumer Products Kerala Enterprises",58644682,50163228,8145817,2478891,Kerala
27GWAMM4200S1Z8,"Hindalco Maharashtra Logistics",49116629,42918584,6891728,9313,Maharashtra
24BOMQA9627I1Z9,"Infosys Gujarat India",27225093,21836966,3316756,994369,Gujarat
10OJEME4363I1Z7,"Tata Steel Bihar Technologies",90319892,61263559,8452894,1969386,Bihar
36BJEBQ0880N1Z3,"ITC Limited Telangana Pvt Ltd",28507282,24312532,4133092,16557794,Telangana
21EALLW3763R1Z8,"Hero MotoCorp Odisha Exporters",60297749,47620883,4914422,1396205,Odisha
18YGZUE3088N1Z3,"HDFC Life Assam Traders",23382850,14076685,1714800,10931553,Assam
36MHJIE4133Y1Z1,"MRF Tyres Telangana Retail",44464270,33157097,4632383,16534892,Telangana
19IDJXD1322F1Z0,"Bata India West Bengal Technologies",1692967,1407004,213160,74894,West Bengal
36OLMVJ1981O1Z3,"Tata Motors Corporation",41415500,32287283,4749103,1113995,Telangana
24MIXAE4235F1Z0,"Godrej Consumer Ltd",40484180,32282534,3652933,592071,Gujarat
18BBVVU7282E1Z3,"Shree Cement Enterprises",58974809,48384171,6997715,662873,Assam
29EHEXO9897P1Z2,"Tata Consultancy Services Corporation",1762977,1242942,131097,77869,Karnataka
03UUQMP1225B1Z5,"Maruti Suzuki Ltd",21415126,15221297,2364957,965924,Punjab
32RMNXK2541J1Z9,"Britannia Kerala Traders",79012085,54270495,9197996,2363431,Kerala
18HHFMP8232D1Z3,"Eicher Motors Assam Retail",70992174,53085669,6342022,43558643,Assam
09NUZWV4864E1Z2,"UPL Limited India",79407447,63170493,10162886,878382,Uttar Pradesh
23TMVEL6391B1Z7,"Dabur India Retail",37226717,127524360,22954385,259667,Madhya Pradesh
21QMRJZ0674H1Z9,"Shree Cement Odisha Enterprises",90187175,80285174,54535280,2741425,Odisha
32KXKTK9638Q1Z6,"HDFC Life Corporation",40452165,29348259,4468139,18371931,Kerala
37XZSKM7570O1Z1,"Havells India Technologies",14199886,8545275,969727,588913,Andhra Pradesh
08LZTDS1700S1Z9,"Adani Ports Retail",23671555,20774520,3499448,24081,Rajasthan
10UWKOV1453P1Z9,"Tata Consumer Products Technologies",22453426,16867430,2204447,137974,Bihar
18OPVHM9994T1Z6,"Bharat Petroleum Assam Retail",71125535,45561004,8015111,26349264,Assam
21EJGFE1452K1Z8,"Tata Consultancy Services Odisha Exporters",18606722,46516805,11164033,7442689,Odisha
08UAJGF0178T1Z9,"HCL Technologies Rajasthan Exporters",2771613,2100843,270698,64517,Rajasthan
07MEGRF6392Z1Z5,"NTPC Traders",8923240,6502318,7172293,222186,Delhi
29NFZHM4161V1Z8,"Ambuja Cements Logistics",36550003,27046726,3054880,1128520,Karnataka
19VPEFZ1127R1Z9,"Ambuja Cements West Bengal Ltd",74202886,60658953,6553828,34472,West Bengal
03GYBNY7161F1Z7,"Pidilite Industries Punjab Traders",13164438,8620090,1242534,8080843,Punjab
27CKAGN5582J1Z6,"Sun Pharmaceutical Pvt Ltd",25269225,17991992,2464512,253242,Maharashtra
36GSPLE4639O1Z7,"Nestle India Telangana Group",72277886,47383434,8526707,1311521,Telangana
08NOWXY5033J1Z2,"Maruti Suzuki Group",58685839,42454406,6483280,428222,Rajasthan
07PEUIH5978T1Z8,"UPL Limited Delhi Logistics",59536869,52578016,8747025,1273693,Delhi
10BEFLM0606M1Z9,"Godrej Consumer Retail",71151313,160585233,28905342,109275,Bihar
10VLOYT4884Z1Z3,"Wipro Traders",83287064,60606293,6597516,773116,Bihar
08TOGVN5151P1Z6,"Godrej Consumer Rajasthan Logistics",45370735,38655458,6429156,1042841,Rajasthan
33JUVKQ2212M1Z3,"Asian Paints Tamil Nadu Technologies",40213748,28646706,3980194,1358192,Tamil Nadu
36LOQGB3249C1Z3,"Hindustan Unilever Telangana Traders",31718171,27528474,4307724,1248576,Telangana
27ODIJT7677L1Z5,"Kotak Mahindra Group",21736821,13848578,2394913,381888,Maharashtra
27WWNNP7542U1Z6,"Hindustan Unilever Maharashtra Logistics",56666048,36400798,4544923,2798150,Maharashtra
06PPCXT0306S1Z5,"Crompton Greaves Haryana Corporation",39118356,29504506,3641330,1354772,Haryana
36PHWWV6194N1Z1,"ITC Limited Telangana Logistics",82357378,223791952,40282551,3135228,Telangana
24VJYSG3855O1Z0,"Divis Laboratories Gujarat Retail",74870249,55799935,9882164,2265979,Gujarat
32XASKI5638E1Z6,"HDFC Life Enterprises",41035947,102589868,24621568,16414379,Kerala
36VOOQR8184Z1Z1,"Bata India Pvt Ltd",12228979,7707790,984030,543890,Telangana
19LTWIX3476Y1Z4,"Mahindra & Mahindra West Bengal India",34891866,92080012,16574402,1224605,West Bengal
37NUFIB3296J1Z0,"Eicher Motors Exporters",37034149,29906389,3240186,275747,Andhra Pradesh
03QHIVE8777W1Z5,"Ultratech Cement Technologies",47021255,32548500,4261637,961897,Punjab
03YRIUU0601E1Z8,"Bata India Punjab India",58287729,200769644,36138536,2123898,Punjab
08WVRMY2161V1Z6,"Bata India Rajasthan India",73249759,48346215,52365660,2024808,Rajasthan
18AMXWU7467E1Z8,"Tata Steel India",50418933,31954437,4771745,488617,Assam
18MMNWE6109N1Z9,"Crompton Greaves Assam Ltd",74176419,61267393,9837571,156219,Assam
18AEEQK7456O1Z9,"Maruti Suzuki Logistics",82840125,56974850,6678732,2107895,Assam
03MFCMO7413K1Z4,"Dabur India Punjab Logistics",3897880,3236861,542959,194349,Punjab
27CKNBW6167A1Z1,"Tata Motors Traders",81086681,61969772,7019051,2389655,Maharashtra
19QTVNP9389T1Z8,"Hero MotoCorp West Bengal Group",26581400,22558221,3715169,429589,West Bengal
09HPKUU1391B1Z3,"Ashok Leyland India",75753568,50918350,8407133,2989628,Uttar Pradesh
23PADUJ9615Y1Z9,"Sun Pharmaceutical Enterprises",43719022,28905055,4485100,613090,Madhya Pradesh
27RGESY5089Y1Z0,"Cipla Maharashtra Ltd",6392269,5545744,767803,201129,Maharashtra
32NIGEN0870V1Z5,"Ultratech Cement Enterprises",8142768,7008931,741213,135645,Kerala
24MASLU8755H1Z3,"UPL Limited Gujarat India",1608132,977109,170448,24486,Gujarat
08EWVJV1564A1Z0,"Bharti Airtel Rajasthan Corporation",59368340,41739419,7174327,2743810,Rajasthan
10LOXDR2088P1Z7,"Ultratech Cement Enterprises",19796313,14588340,1870603,97783,Bihar
03KFEKY3259R1Z6,"Bajaj Auto India",63190242,38317984,4647935,1633782,Punjab
03FGMQE1645E1Z1,"Apollo Hospitals Punjab Ltd",74646066,61764302,8671385,32834711,Punjab
32SUCAA8180H1Z6,"Bata India Kerala Pvt Ltd",20035421,15823701,2236002,103681,Kerala
32JAKWT2356Q1Z9,"Power Grid Corp Kerala Corporation",58648986,46397099,8216107,2762337,Kerala
03SCJNC8876Y1Z6,"Reliance Industries Punjab Retail",48769335,42169048,4446467,1577466,Punjab
10OKNXF2335Y1Z9,"Pidilite Industries Bihar Corporation",80725197,70707401,7567105,3259342,Bihar
08XXECS1816D1Z7,"NTPC India",43977473,32301402,3457751,886603,Rajasthan
07UBBNJ9241I1Z3,"Berger Paints Pvt Ltd",23504198,19911273,3102270,13737635,Delhi
07DLHGB2390T1Z1,"Shree Cement Pvt Ltd",18834872,14603703,1716676,371320,Delhi
18UQBCK7028X1Z3,"Dabur India Group",89743720,68130314,7573542,1319581,Assam
23PIFHC3037V1Z7,"Eicher Motors Madhya Pradesh Logistics",34676499,30815173,23606235,820377,Madhya Pradesh
27XDTAD3472Z1Z9,"Kotak Mahindra Traders",77067821,64619506,11152307,3064862,Maharashtra
32CZRZN4861C1Z8,"Wipro Pvt Ltd",55356374,47735209,8591407,1238004,Kerala
03FHHHY9580Q1Z7,"Tata Motors Punjab Ltd",70152462,180218494,32439329,757029,Punjab
37SCMHA3864V1Z7,"Tata Motors Andhra Pradesh Exporters",9963921,20512185,3692193,128000,Andhra Pradesh
19QLMVS4574F1Z8,"ITC Limited Technologies",18389950,12923721,11084597,781932,West Bengal
24NFXSL1577Y1Z9,"Reliance Industries Corporation",54028361,87859010,15814622,1054040,Gujarat
24TESMT9864H1Z5,"Adani Ports Gujarat Ltd",89301241,67810287,9065926,3336490,Gujarat
08QKLFF2262R1Z7,"Ultratech Cement Logistics",90796537,55944096,9596961,1856613,Rajasthan
19KDTCU5368Q1Z9,"Pidilite Industries Group",14734052,11765244,1644950,291769,West Bengal
09AUTVH6622G1Z1,"MRF Tyres Technologies",25664750,16158520,2670112,398108,Uttar Pradesh
09BCAPI8097S1Z9,"Ashok Leyland Uttar Pradesh India",27795300,22393134,15731154,524807,Uttar Pradesh
08QUWCM0618I1Z8,"Coal India Rajasthan Enterprises",35187875,29727598,4479217,469903,Rajasthan
29TFDSW7394S1Z4,"State Bank of India Karnataka Group",52563090,39842148,6482292,317382,Karnataka
09JGTAS3589G1Z5,"State Bank of India Uttar Pradesh Group",9050626,6414400,787495,38968,Uttar Pradesh
06HLMFK4074S1Z4,"Hindalco Ltd",35827600,30873771,5244201,940592,Haryana
33MZXGS7126S1Z0,"Crompton Greaves Tamil Nadu Pvt Ltd",24861006,18585700,2213282,521974,Tamil Nadu
10NILJU9104J1Z4,"Pidilite Industries Bihar Ltd",30291990,18820585,23623301,950995,Bihar
36XBZAH3118A1Z9,"Grasim Industries Group",44344052,34180627,3573615,1347784,Telangana
32IHNEX7831U1Z0,"Grasim Industries Pvt Ltd",79643087,55021613,71507696,1510871,Kerala
24UMISM7007H1Z2,"Dabur India Gujarat Traders",23764972,15931524,2736260,831622,Gujarat
19KZBBQ0774B1Z3,"Ashok Leyland Pvt Ltd",49740048,33249725,3356230,19310823,West Bengal
36AXMZE3131D1Z7,"Bata India Logistics",14087535,11963137,2032310,566048,Telangana
23KMYNU7375R1Z5,"Tata Consultancy Services Logistics",70816236,51767653,8526836,2734593,Madhya Pradesh
29YBEIN4666O1Z2,"Godrej Consumer Logistics",5408442,3337513,473591,9056,Karnataka
06RPMXU7564Q1Z1,"Pidilite Industries Haryana Retail",19007436,16817036,2432193,731587,Haryana
24DESZC6610S1Z8,"UPL Limited Gujarat Technologies",43805460,109513650,26283276,17522184,Gujarat
09MNDVH6715E1Z8,"Bharti Airtel Logistics",11153887,9246339,1599717,25937,Uttar Pradesh
23VHKVN8553W1Z5,"Crompton Greaves Logistics",41881018,34601604,3691767,1307231,Madhya Pradesh
24GSJSD7581M1Z3,"V-Guard Industries Enterprises",85638133,64606640,8445283,3916220,Gujarat
06AOSHH3517J1Z8,"Havells India Group",69348836,60711537,8830152,3324343,Haryana
23GNHFQ4917M1Z4,"IndusInd Bank Madhya Pradesh Ltd",5632239,4580478,659980,192734,Madhya Pradesh
08MDMCA1209X1Z0,"Godrej Consumer Rajasthan Logistics",22508632,17954684,1817746,905423,Rajasthan
32UIQCH6036T1Z6,"UPL Limited Enterprises",86137976,64744077,10469417,2472030,Kerala
19CBEDJ3999V1Z6,"Ambuja Cements West Bengal Retail",37228994,26147590,3037041,1854435,West Bengal
27TVDMQ4860J1Z8,"Power Grid Corp Maharashtra Enterprises",36414253,24260395,2749058,1114259,Maharashtra
33ETFRB9977Q1Z2,"HDFC Life Technologies",1320015,1057195,133376,16746,Tamil Nadu
03MUJHY6940C1Z8,"Tata Consumer Products Logistics",14621061,9080136,1211294,663945,Punjab
18GXZMV1014A1Z6,"Power Grid Corp Assam Enterprises",70326861,51011629,5892785,27682702,Assam
03DWRYW0627J1Z8,"SBI Life Punjab Exporters",69443507,46358847,5858546,412443,Punjab
03CVTMG7706M1Z5,"Bajaj Finance Pvt Ltd",5212472,3588397,562780,45284,Punjab
21OBBFB3577N1Z1,"Ultratech Cement Odisha Pvt Ltd",14446836,8879876,10371387,263116,Odisha
37UMWSI3720N1Z1,"Britannia Andhra Pradesh Pvt Ltd",89636454,286780350,51620463,127296,Andhra Pradesh
06KUUMR4121I1Z7,"Hindalco India",61742874,121529748,21875355,2444116,Haryana
29DQJTV3666P1Z3,"Apollo Hospitals Logistics",6010106,4854943,627926,91127,Karnataka
06QNXTX5836R1Z3,"Hero MotoCorp Group",54684826,49137694,7801125,1860100,Haryana
09LMVWM2742V1Z5,"Pidilite Industries Uttar Pradesh Corporation",28377265,70943163,17026359,11350906,Uttar Pradesh
06LPMFQ5724I1Z2,"Grasim Industries Pvt Ltd",88241632,69051647,7754506,3482756,Haryana
36OOSDO5012Q1Z6,"Wipro Telangana Ltd",81331375,66887019,11310526,342339,Telangana
23XOGVX7412L1Z5,"Ashok Leyland Pvt Ltd",55883913,36439149,5059661,2757718,Madhya Pradesh
03NNUYI5836X1Z6,"Adani Ports Enterprises",72216261,53773785,6571265,2758247,Punjab
33GYHCK4871U1Z7,"Hindalco Group",43144182,34581121,5432025,1910888,Tamil Nadu
09DIYCK4336P1Z4,"TVS Motor Uttar Pradesh Group",20185485,14842628,2284798,690469,Uttar Pradesh
03UBCTU0289J1Z6,"Mahindra & Mahindra Technologies",70646660,60218710,9261043,406715,Punjab
24SIRWB5207O1Z8,"Tata Steel Retail",11227525,9152801,1485350,22259,Gujarat
09FXEDL2558E1Z4,"Reliance Industries Uttar Pradesh Technologies",12718447,9476083,1531542,24489,Uttar Pradesh
09OFWSC7683S1Z3,"Mahindra & Mahindra Uttar Pradesh Enterprises",16296936,11324558,1819212,218277,Uttar Pradesh
23FFYQD3314U1Z4,"Tata Motors Madhya Pradesh Enterprises",5669218,5040429,586626,97850,Madhya Pradesh
10RMMAS6000V1Z5,"Pidilite Industries Bihar India",62164815,49433080,7802839,146069,Bihar
19RVXMX5773R1Z9,"Bharti Airtel West Bengal Group",35790655,21958193,3330401,17605,West Bengal
06YWYPW1056Z1Z1,"Coal India Haryana Ltd",66594476,47848942,5483014,26238001,Haryana
18SGTIK5410X1Z8,"Godrej Consumer Exporters",88764421,79170156,10784483,1371800,Assam
24ZGROZ9783C1Z1,"Bharat Petroleum Gujarat Retail",60857717,42284363,4375518,379038,Gujarat
06JGTOT9813Z1Z5,"Hindalco Haryana Enterprises",82636835,71904149,11640742,1428498,Haryana
37AEGVK9554L1Z8,"Ambuja Cements Andhra Pradesh India",78586548,57766362,7662400,2913466,Andhra Pradesh
21JYKFW4527U1Z4,"Kotak Mahindra Odisha India",30143476,24375131,3094898,65840,Odisha
36GPYVL2246L1Z3,"Blue Star Enterprises",63912388,39418905,6315240,946964,Telangana
06JDHZR0816T1Z4,"Hindustan Unilever India",27986473,22340653,3320087,1339736,Haryana
18UTEFS8898W1Z7,"Bharti Airtel Assam Traders",90659550,56113549,6965479,4064115,Assam
18GRMBZ0434H1Z8,"ICICI Bank Assam Exporters",12579499,8406538,955120,551005,Assam
29VHKPA3945S1Z3,"Dr Reddys Labs Corporation",15032746,37844338,6811981,38722,Karnataka
23LCCVL0067K1Z7,"Blue Star Traders",67856080,43228825,6591556,2239738,Madhya Pradesh
27QDBHJ2752E1Z9,"Ashok Leyland Retail",46927854,34893439,5914000,1712490,Maharashtra
37ZYICC7382K1Z6,"Marico Group",42434298,36228909,4268551,320981,Andhra Pradesh
08ITISR5319G1Z6,"State Bank of India Ltd",44485384,35612655,4029632,32389,Rajasthan
03ASVBT0352U1Z7,"ICICI Bank Ltd",35501849,23852335,4038837,1679055,Punjab
18IOMGY5293P1Z5,"Ambuja Cements Enterprises",23147441,57868603,13888465,9258976,Assam
18YPRWY1945N1Z9,"Reliance Industries Assam Retail",11998166,9605682,1646334,468769,Assam
33KSRLL2142A1Z6,"Crompton Greaves Tamil Nadu Traders",90432222,69435657,12018874,3155306,Tamil Nadu
10KYOEZ8427W1Z4,"Tata Consumer Products Bihar Corporation",77357109,46827735,7121745,894360,Bihar
24RQYKJ2488B1Z3,"Maruti Suzuki Gujarat Logistics",88587167,228791704,41182507,1498954,Gujarat
18OVFBK1899M1Z8,"HCL Technologies Assam Logistics",32369925,28974210,3426112,558253,Assam
10EYFYZ3393K1Z5,"Berger Paints Bihar Retail",45042811,36617691,4151878,2108331,Bihar
21LUTAZ2172H1Z1,"Britannia Traders",89202003,75640751,8133011,1688858,Odisha
08OJIUN8269P1Z6,"Mahindra & Mahindra Traders",86835494,74561643,12030679,1151888,Rajasthan
09ADCYS3839X1Z0,"Ashok Leyland Uttar Pradesh Traders",31768195,25692782,4496872,510882,Uttar Pradesh
27DKDGT7933P1Z9,"Ambuja Cements Maharashtra Pvt Ltd",72805671,48010608,6957751,1008823,Maharashtra
18FGGWD0801C1Z1,"ITC Limited Group",90022676,56551742,6298353,2716004,Assam
08KKPRT4200S1Z1,"V-Guard Industries Rajasthan Exporters",85703896,67357639,11011343,2053886,Rajasthan
24IVPKG8951R1Z7,"Pidilite Industries India",77842431,51057752,5505128,2129377,Gujarat
33QUAAK9748W1Z9,"JSW Steel Technologies",29239105,23787498,3344550,309790,Tamil Nadu
33RSECA3943Z1Z3,"JSW Steel Ltd",78072883,66891215,7673699,1341525,Tamil Nadu
06ILMRH4237O1Z6,"Blue Star Haryana Exporters",24771490,20218002,2968599,938784,Haryana
03XSIUV9661A1Z4,"V-Guard Industries Ltd",48935290,34348200,5262258,19620586,Punjab
06BHWVN2032O1Z5,"Dabur India Haryana Technologies",21756136,54390340,13053682,8702454,Haryana
36HOKEJ0276E1Z6,"TVS Motor Telangana Traders",58931070,46454252,4744369,2456713,Telangana
03MATJE6487W1Z9,"SBI Life Punjab Exporters",14432717,9008482,1215820,117048,Punjab
19WIWSO7255U1Z4,"Voltas Traders",15072258,9800870,1629499,198081,West Bengal
18ZWRJQ9709U1Z9,"Coal India Group",38329260,25175764,3684558,1913820,Assam
27IFEPG8513U1Z5,"Mahindra & Mahindra Corporation",40891370,31039545,3741759,93236,Maharashtra
10BCIJO8560T1Z9,"Divis Laboratories Pvt Ltd",50194457,34031187,3608552,1387957,Bihar
27SEPQQ3553W1Z1,"MRF Tyres India",16405576,13728463,1557508,290997,Maharashtra
10VSJBO2799W1Z0,"Bajaj Auto Corporation",83220126,51604334,8265525,3503655,Bihar
03CMQMT3599T1Z6,"UPL Limited Punjab Pvt Ltd",45506560,32802318,3664374,743713,Punjab
36DGGVL5615I1Z6,"IndusInd Bank Telangana Group",51220977,41515073,5568598,548497,Telangana
03JCZWG0807A1Z1,"HDFC Life Punjab Traders",20888719,13454570,2174127,576120,Punjab
21PUUHB8027E1Z0,"Shree Cement Odisha Pvt Ltd",40714913,26971626,3889215,1848821,Odisha
27RRFGL6287Z1Z0,"Mahindra & Mahindra Traders",59473930,37392235,5282772,2791353,Maharashtra
03MLDBE1913P1Z0,"State Bank of India Logistics",63948476,39579517,6056648,2568083,Punjab
36CTBEJ5447G1Z0,"Hindalco Telangana Logistics",69473464,44111013,5784791,1660967,Telangana
18CDREP0898S1Z4,"Sun Pharmaceutical Assam India",2832697,2233043,340268,50991,Assam
29MLGZE0853H1Z9,"Sun Pharmaceutical Karnataka Ltd",46912286,41914258,6065011,306157,Karnataka
36RVGTE5176K1Z4,"Ultratech Cement Exporters",17970273,13006374,1878467,752613,Telangana
27SOBYC0244M1Z2,"Bajaj Auto Technologies",44499703,36930417,4174251,17183678,Maharashtra
37HTROW4231O1Z0,"Tata Consumer Products Andhra Pradesh Retail",36808026,23270946,2790811,771811,Andhra Pradesh
10IWGDT1853H1Z6,"HDFC Life Traders",39961698,30232545,4599876,1310124,Bihar
08BWLUZ8224X1Z5,"Dr Reddys Labs Logistics",7359200,5726550,851028,278684,Rajasthan
27VFOGY0285Y1Z8,"Marico Maharashtra Enterprises",43969077,39487444,4933440,400770,Maharashtra
36CCPQZ7110J1Z9,"Grasim Industries Telangana Logistics",68279824,44637772,5130320,531584,Telangana
23VVLOH0400Y1Z2,"SBI Life Madhya Pradesh India",14110793,12314607,2114257,589313,Madhya Pradesh
36YQDLI5964X1Z9,"Larsen & Toubro Group",35438614,29170813,4912654,1413189,Telangana
19EZKJQ0907E1Z7,"Divis Laboratories West Bengal Ltd",76035733,55734390,7242888,1228964,West Bengal
09VPLCU7367F1Z6,"V-Guard Industries Uttar Pradesh Retail",37232952,27355615,4403357,1405985,Uttar Pradesh
03HMYSW4950H1Z6,"Reliance Industries Punjab Corporation",42534109,26946118,4090508,1364501,Punjab
06JGPAU0819A1Z0,"IndusInd Bank Haryana Traders",73640516,50229556,6888282,761438,Haryana
33QLNJF8049G1Z3,"Adani Ports Tamil Nadu Group",30847582,19376688,2305871,843606,Tamil Nadu
08CNOGT1026O1Z9,"Blue Star Traders",12094687,8668703,1128906,221055,Rajasthan
27PNXCP2189Z1Z9,"Marico Maharashtra Pvt Ltd",67004472,42352794,5936460,1321711,Maharashtra
29DATNJ9008L1Z3,"Infosys Karnataka Exporters",84611233,69692768,12474162,2030072,Karnataka
33KKJLO2130Z1Z5,"Hero MotoCorp Tamil Nadu India",1762006,1257074,180362,45340,Tamil Nadu
36LNEJH0816A1Z5,"Nestle India India",85084768,55443078,8269389,4008892,Telangana
06RMOQY2710D1Z8,"Maruti Suzuki Haryana Pvt Ltd",34556941,25015392,2839610,1432434,Haryana
29NQFMK6747V1Z6,"Infosys Karnataka Corporation",13872301,12200507,1725050,102942,Karnataka
27SZQQA7776Y1Z5,"Pidilite Industries Maharashtra Enterprises",19322709,13647971,1578226,508122,Maharashtra
07GFOPP0198K1Z5,"Godrej Consumer Delhi Pvt Ltd",35147294,29334137,4908575,655610,Delhi
