GSTIN,Company,Sales,Purchase,ITC,Refund
27FDDJJ6999J8ZF,"Bharti Airtel Limited",598455,303878,54698,149295
24JQJRC8028U6ZF,"Google India Pvt Ltd",904645,627676,112981,2776
33IMAJI9333U9ZD,"Amazon Seller Services Pvt Ltd",246233,165276,29749,4111
24SVZLB0499E8ZR,"Google India Pvt Ltd",1106428,874033,157325,59241
33LVDHK0872Z9ZT,"Grasim Industries Limited",487791,367153,66087,7914
27NNGZA5382N3ZR,"Maruti Suzuki India Limited",288048,338743,60973,24584
29KJAWO7474K1ZV,"Adani Enterprises Limited",612190,396701,71406,28237
24EXMOX7938U5ZM,"BMW India Private Limited",800545,633129,113963,1898
27EJOEU1814F9ZK,"Bajaj Auto Limited",1389649,847615,152570,41944
07ZPARF1626J6ZQ,"NTPC Limited",832803,870314,156656,65144
29CIIKN7467A1ZL,"Grasim Industries Limited",473837,438694,78964,11840
24XYRGH7174C4ZM,"IndusInd Bank Limited",1226838,898370,161706,52181
27KVWPP6113E7ZP,"HCL Technologies Limited",348629,223027,40144,5614
09GCQXX0759F1ZF,"ICICI Bank Limited",855465,534762,96257,25586
33PBBML2091C9ZO,"NTPC Limited",1020886,638981,115016,49462
29OXYUP8522A1ZD,"HDFC Bank Limited",920636,783854,141093,186612
09IDIBT4469Q5ZP,"Tata Consultancy Services",859990,455177,81931,10946
29LCMVY2075W2ZX,"Hindustan Unilever Limited",525111,370106,66619,1824
09GIUBP2845E1ZC,"Intel Technology India",1051283,628373,113107,44986
33OMTEE2355S7ZW,"Adani Enterprises Limited",1255848,909042,163627,39968
24NIFJE3642L5ZS,"Tata Motors Limited",612317,863841,155491,8880
27IHKGD0275C2ZR,"Eicher Motors Limited",612541,338102,60858,6394
27OODFS9016M7ZX,"Nestle India Limited",351832,178531,32135,13551
27DJXHD8741H2ZT,"Cipla Limited",539546,354976,63895,20012
07ZWZLY4572W7ZI,"Cisco Systems India",979144,574232,103361,19368
29MLMJN0819L2ZL,"Adani Enterprises Limited",66988,125833,22649,2758
33ZJZLQ0327M7ZU,"Eicher Motors Limited",199039,192379,34628,232
09IKQWU7595O6ZK,"Nestle India Limited",657011,428127,77062,23413
33SQNWL7713S4ZX,"Apollo Hospitals Enterprise",601852,305441,54979,14288
27ONPDY7718S6ZH,"PVR INOX Limited",1053604,549708,98947,44066
29QFGPX2946S5ZI,"Tata Consultancy Services",129662,128349,23102,10361
29JRXUF8792H1ZS,"Reliance Industries Limited",580892,884206,159157,160445
27VOADI9669S7ZD,"Bharti Airtel Limited",419077,485129,87323,16411
09HLMTD7279I9ZS,"Dr. Reddy's Laboratories",260008,391628,70493,15962
27DJKAS3511L6ZT,"Grasim Industries Limited",1383013,943568,169842,34916
33JKHIV1411E8ZJ,"NTPC Limited",1449180,997965,179633,28814
27ZJYWQ4922L7ZF,"Samsung India Electronics",769528,437172,78690,92381
27WHSGR2971Q6ZP,"Coal India Limited",780215,832732,149891,52598
33PRAFM6888C9ZA,"HDFC Bank Limited",514643,307270,55308,5372
33CQRZZ7134V4ZE,"Titan Company Limited",536794,938255,168885,19697
24XIGIN6005X8ZB,"Bajaj Auto Limited",1141560,759665,136739,64652
07WOFJC1389Q3ZP,"Tech Mahindra Limited",549512,342000,61560,21140
29UWWYF4874K5ZP,"Britannia Industries Limited",1078614,625942,112669,55432
33QGFZU6979R3ZG,"Adani Enterprises Limited",1244000,911159,164008,6419
09LTLYH0963G2ZK,"Titan Company Limited",792608,673342,121201,31436
33LYWLD7541C3ZU,"Coal India Limited",608951,307426,55336,10200
33FODQF9811Q6ZC,"Maruti Suzuki India Limited",974357,666594,119986,4179
33RYSCQ4461G2ZV,"IndusInd Bank Limited",1251742,955984,172077,74768
09ZRRYX6606B8ZJ,"Hero MotoCorp Limited",930285,500385,90069,19512
33PXRAO1930S6ZR,"Google India Pvt Ltd",177493,334683,60242,17544
09LAFXF7272B1ZY,"Google India Pvt Ltd",365517,623478,112226,42399
24UBWKY4828R1ZI,"Nestle India Limited",280583,558832,100589,33183
27NLNRJ3273N1ZV,"PVR INOX Limited",672379,895641,161215,46185
24JNODO2440X5ZF,"Intel Technology India",695746,961848,173132,49866
27NFMOG0840O7ZJ,"Intel Technology India",448792,361759,65116,22865
33KBMVD3943I9ZS,"HCL Technologies Limited",1007893,737382,132728,13657
29VOSWX4639M7ZJ,"Hindalco Industries Limited",436899,247953,44631,2343
07UULBV3636X7ZK,"Cipla Limited",583447,582912,104924,11824
07ULEDD9946G6ZB,"Hero MotoCorp Limited",263338,197060,35470,5024
24DFGYC0150R4ZF,"Cisco Systems India",87028,103653,18657,7238
33ZZERZ6134O9ZW,"Samsung India Electronics",225727,434106,78139,10370
33DEYXZ3165V9ZL,"Coal India Limited",466067,594569,107022,27028
09QRPHV4689E4ZS,"Cipla Limited",167247,153979,27716,5878
29YHVNT3906V5ZD,"Cipla Limited",389794,511432,92057,42691
09WDPCG7727D4ZO,"UltraTech Cement Limited",566924,759266,136667,35657
07MEABP1208J3ZZ,"Cipla Limited",781570,998572,179742,49117
33MJXOR4900K3ZR,"PVR INOX Limited",438816,672130,120983,38700
07ESFUA8550O5ZC,"IndusInd Bank Limited",198034,141447,25460,6851
09FLIVA5376B8ZA,"Adani Enterprises Limited",185947,275342,49561,11667
27XLKQP5714M4ZG,"ICICI Bank Limited",721297,822824,148108,67082
33IYSWL8920Q7ZQ,"Flipkart Internet Pvt Ltd",580946,547484,98547,17656
27CXZNT3706G8ZM,"Apollo Hospitals Enterprise",1275638,772787,139101,6718
29GTZDN6060Q2ZX,"Maruti Suzuki India Limited",947383,500983,90176,23371
29VMYEW1670P7ZF,"Oracle India Private Limited",728122,639607,115129,39447
33LRKBG7650K8ZY,"Grasim Industries Limited",175410,111319,20037,3611
09BBFDH2658X9ZS,"ITC Limited",452748,646701,116406,45434
07PEBUV7460T1ZE,"Oracle India Private Limited",1273568,863374,155407,20512
33XQSCN0674T3ZF,"Apple India Private Limited",759959,678015,122042,251037
29PNOJU1965E1ZB,"Tech Mahindra Limited",678788,786086,141495,238930
33HCDFX7590U7ZM,"Eicher Motors Limited",1390228,772542,139057,238
07PQASG4886O5ZJ,"Wipro Limited",506738,709621,127731,53274
33RYFYU3630M3ZE,"Nestle India Limited",301594,235554,42399,47797
27SYWON6251Z9ZU,"Sun Pharmaceutical Industries",1582087,838659,150958,62965
24AMMCS6396N6ZH,"Intel Technology India",590371,986043,177487,8202
27OSNQS6254S1ZT,"Infosys Limited",266807,186513,33572,3345
33EMDEO4383S3ZF,"Asian Paints Limited",747213,962989,173338,37221
24ZIISI0508S2ZW,"Britannia Industries Limited",644719,485887,87459,11014
27FUULS6237P7ZM,"Eicher Motors Limited",912839,463343,83401,28929
24JUVXD1288Q9ZS,"Maruti Suzuki India Limited",262207,183771,33078,6339
33ANCIX5858X3ZI,"BMW India Private Limited",1093690,588396,105911,44145
24FKCZL5106J3ZS,"Flipkart Internet Pvt Ltd",931780,504071,90732,24988
27ZPQVY4554G4ZY,"Grasim Industries Limited",907455,690036,124206,29045
24QPTMH6001I5ZO,"Adani Enterprises Limited",364228,375572,67602,2442
33EXZUR7379B2ZB,"Google India Pvt Ltd",184024,253741,45673,16080
29VMQTM8705G1ZM,"Nestle India Limited",968545,625003,112500,41512
27ERXGB2640G7ZZ,"Samsung India Electronics",293225,494484,89007,125682
09PJOSS4673S5ZQ,"State Bank of India",770744,976903,175842,248144
33GDNJY6132H5ZA,"Samsung India Electronics",698174,495387,89169,27765
07OOCOC3533C6ZC,"IndusInd Bank Limited",782857,633559,114040,36797
07WMXPS1087A6ZH,"Bharti Airtel Limited",562241,307462,55343,21955
27DDIWI1903R2ZT,"BMW India Private Limited",833713,857563,154361,12570
07FBCRT2524B7ZC,"Amazon Seller Services Pvt Ltd",1648575,962967,173334,24029
27RRCDV6122K1ZI,"Reliance Industries Limited",347454,426196,76715,33549
33WNBGC6438N6ZQ,"Apollo Hospitals Enterprise",1326294,918343,165301,30885
29BDRSK8613S8ZZ,"Coal India Limited",334643,222639,40075,19484
09WBYXS3488W4ZP,"Larsen & Toubro Limited",158889,225432,40577,40816
33GOVOR7709B2ZU,"IndusInd Bank Limited",794711,522051,93969,43224
27KQBYY5976P1ZP,"Reliance Industries Limited",1088898,795983,143276,26325
29GLTDA6977K9ZV,"Tata Consultancy Services",717853,434602,78228,15849
33GDSBN0947F1ZT,"PVR INOX Limited",1534300,948876,170797,4878
24JYQVC8067J6ZH,"Larsen & Toubro Limited",650905,390655,70317,5075
29AZOXW3135H6ZG,"Flipkart Internet Pvt Ltd",799190,961345,173042,14173
09MVOHY0599F6ZU,"Divi's Laboratories",289317,232707,41887,5452
29CUZLZ1569M5ZQ,"Wipro Limited",1446334,878451,158121,37556
29LATIG1948R7ZT,"ICICI Bank Limited",503691,490019,88203,17598
09VLDSL3412H4ZT,"Tata Steel Limited",905414,810049,145808,42629
29XAVIB0124C1ZJ,"Hero MotoCorp Limited",740165,398957,71812,6918
29WBOVJ7876H1ZA,"Wipro Limited",768552,807060,145270,2767
07HVDRU3839V9ZV,"Microsoft India Pvt Ltd",1216117,846300,152334,23862
07UGAMD8160F1ZP,"Tata Motors Limited",1446850,873601,157248,33587
07OFGRJ3835H4ZP,"Tata Steel Limited",764793,475237,85542,37766
07UWAUE3361E5ZJ,"Bajaj Auto Limited",881478,520646,93716,14741
29YAVHV2358A7ZT,"Microsoft India Pvt Ltd",553578,361507,65071,12609
07BKLTX1119K4ZQ,"Samsung India Electronics",472490,247687,44583,5859
33LJGEI8137E7ZG,"PVR INOX Limited",580280,445024,80104,24288
27UWVVZ2482J7ZR,"Intel Technology India",920034,765144,137725,39401
09NEVWM2282M7ZC,"Maruti Suzuki India Limited",635530,760865,136955,24094
09JBWBI0358N9ZJ,"Bajaj Finance Limited",615274,382603,68868,24086
33EPSHE1549R1ZW,"Intel Technology India",202876,107951,19431,9333
27DXJSM3797V9ZH,"IndusInd Bank Limited",1030289,647633,116573,53724
07DSRUD3224M7ZZ,"Infosys Limited",333738,176640,31795,25
07JSYGC5979T3ZO,"Hindustan Unilever Limited",1043143,960906,172963,428955
09KQZOK1050A4ZT,"Titan Company Limited",616514,753432,135617,4949
07SHUEF0005M4ZP,"Apollo Hospitals Enterprise",498652,463540,83437,11741
09PQTCJ2970J5ZZ,"ICICI Bank Limited",1504252,898930,161807,76407
07QTVAL6523Y3ZU,"Infosys Limited",1791426,979714,176348,412485
29VQXBK4755Z3ZW,"Britannia Industries Limited",328337,200573,36103,13434
07OVZEH0201A8ZV,"Dr. Reddy's Laboratories",868271,601532,108275,39902
09AERAH3553B3ZR,"Coal India Limited",1139600,826179,148712,16780
29YUCMK3740C6ZP,"ICICI Bank Limited",368602,666862,120035,29196
33YPJEK7251O9ZZ,"Apollo Hospitals Enterprise",875937,700903,126162,49933
24OUBFE8312P4ZL,"Bajaj Auto Limited",516849,943554,169839,45831
29BPBRW8869B2ZM,"NTPC Limited",375843,438479,78926,36743
24GCFPL9859L3ZY,"Hindalco Industries Limited",1050591,641029,115385,41103
07ILLOI9739P8ZR,"PVR INOX Limited",472646,575352,103563,51517
07YIOGS6960M5ZK,"Tech Mahindra Limited",1130971,683963,123113,47307
09BPHRP7219W9ZX,"PVR INOX Limited",528864,349115,62840,24140
07XEHQI0881T9ZB,"Tata Motors Limited",421863,350866,63155,5913
09SFSGY5600T9ZO,"Maruti Suzuki India Limited",1244738,977914,176024,71949
24TCVQH3979L1ZX,"BMW India Private Limited",671273,396336,71340,22976
29HAXLC9731J2ZU,"Tata Consultancy Services",215603,284375,51187,20227
27TYWEN5098G3ZI,"Adani Enterprises Limited",93014,104011,18721,1828
09HTLPM2494B5ZC,"Apple India Private Limited",1418419,815247,146744,6325
07JIDJI0760B1ZZ,"Amazon Seller Services Pvt Ltd",357828,184975,33295,1489
29KETSX0113N6ZU,"Divi's Laboratories",502920,593731,106871,11259
33NEZIP8893P5ZI,"Hindalco Industries Limited",437692,233107,41959,20093
33SVQRN6010R7ZM,"Power Grid Corp of India",581633,970651,174717,6844
07ETCBY7827T7ZI,"Hero MotoCorp Limited",700905,520775,93739,6425
24YZPPL2603T9ZP,"Microsoft India Pvt Ltd",858228,541193,97414,43744
29EEVKU9584Q4ZQ,"Flipkart Internet Pvt Ltd",666804,342623,61672,6763
29RBZXD8896B1ZM,"JSW Steel Limited",811383,703404,126612,43667
27QWRCZ5726L4ZL,"Wipro Limited",551048,658991,118618,33336
27VXSJD6181V5ZV,"Asian Paints Limited",866013,916932,165047,45407
33VYDQM9323T6ZL,"ITC Limited",772765,560918,100965,14528
27MHEED1525F8ZC,"Dr. Reddy's Laboratories",252895,244279,43970,8669
07ZRTKC5234N2ZV,"ITC Limited",1549256,820583,147704,66644
27AEPMY4773A5ZN,"ITC Limited",310122,490294,88252,135943
07MTZMM4395D3ZS,"Samsung India Electronics",734093,478881,86198,39912
29DJFYF1167J4ZI,"Tata Consultancy Services",554742,492443,88639,33888
07RBCQI1646O5ZE,"UltraTech Cement Limited",287191,217766,39197,9673
07FDZDQ8332V4ZD,"Samsung India Electronics",1042984,964127,173542,27330
27YURNU2675J5ZG,"Larsen & Toubro Limited",239934,143475,25825,6046
24QYNJS5648Y2ZM,"Tata Consultancy Services",376307,657295,118313,40397
29RLCBO3457L5ZZ,"Tech Mahindra Limited",1478130,938084,168855,41967
29OICJA6290I1ZD,"Infosys Limited",748731,890073,160213,28525
29EPQNV3581Q6ZO,"Hindustan Unilever Limited",532959,267642,48175,7505
07EFSXP8746X1ZG,"HDFC Bank Limited",415380,354745,63854,21111
33FELFQ3297B3ZX,"Hindalco Industries Limited",539359,800266,144047,1550
09EGVQV9183S4ZV,"Apple India Private Limited",1613631,845778,152240,350749
29ZPKRN5998W5ZX,"Maruti Suzuki India Limited",326636,235995,42479,589
33MYVPB1846K3ZU,"ITC Limited",158141,294551,53019,21626
07KBXGA6378Y1ZV,"Hero MotoCorp Limited",718963,367678,66182,1127
33ESNEM5873B1ZM,"Hindalco Industries Limited",263676,198678,35762,13355
09QYQPE4787M9ZC,"JSW Steel Limited",949779,802644,144475,60791
09HYLQP3632V5ZK,"Reliance Industries Limited",417401,679424,122296,45520
27BHVHX0369N8ZI,"Infosys Limited",138051,105623,19012,6290
07MQAAI8865Q4ZO,"IndusInd Bank Limited",399422,491462,88463,6913
33YANXQ5485H9ZB,"HCL Technologies Limited",1955490,994940,179089,8802
27RMPPJ8913B2ZL,"JSW Steel Limited",910765,603329,108599,41394
27XUYPQ3308E6ZR,"Bajaj Finance Limited",714024,626799,112823,10303
27PCWNL3332T1ZN,"Nestle India Limited",286415,326555,58779,20721
24EPBTN3432T3ZP,"Bajaj Finance Limited",553966,300897,54161,10246
24YKIBO2176K1ZD,"Grasim Industries Limited",852694,703842,126691,27245
33DBKBN3633G8ZJ,"IndusInd Bank Limited",601422,471473,84865,20787
29NGGWU4938N6ZV,"IndusInd Bank Limited",1209369,709158,127648,55257
09YTMMR2551J9ZJ,"Adani Enterprises Limited",1319419,680336,122460,163765
24IVOIQ0385M9ZP,"Reliance Industries Limited",191780,112801,20304,4120
07ECRSJ4122M1ZP,"State Bank of India",356388,253597,45647,6461
09AHXMR2138J1ZD,"Reliance Industries Limited",634403,447568,80562,4586
27BVWXY3387H6ZM,"HDFC Bank Limited",185126,141017,25383,12028
33EPSVM3214P8ZE,"HCL Technologies Limited",404835,763924,137506,31662
24UGMYB3302I9ZM,"Hero MotoCorp Limited",633448,705601,127008,57364
24QOTUV9545K2ZT,"PVR INOX Limited",345685,617772,111198,38962
29EWPDS0742O3ZA,"Asian Paints Limited",939922,937386,168729,1791
07TFDGU9323H4ZH,"Intel Technology India",736880,426692,76804,33247
09MWJEQ9148Q4ZN,"Dr. Reddy's Laboratories",354728,513436,92418,34059
33VQVBU8519D6ZU,"Maruti Suzuki India Limited",1498692,934839,168271,29806
33LWGEI4497Z6ZH,"Power Grid Corp of India",1936711,988983,178016,18191
29BFGWE7546P4ZN,"Sun Pharmaceutical Industries",526315,861449,155060,64595
07ZQPQJ6984E8ZH,"Apple India Private Limited",753996,882656,158878,69908
09GXOSJ8215C1ZK,"Britannia Industries Limited",142488,121139,21805,2751
24MDNDF6604K8ZA,"Maruti Suzuki India Limited",103488,150472,27084,8838
24GVIBW6595Z2ZZ,"ICICI Bank Limited",1676052,936150,168507,48580
33PIHQI1555L7ZR,"Tata Steel Limited",597384,938791,168982,14860
09IZRCX4313X7ZT,"Mahindra & Mahindra Limited",761771,791919,142545,3544
27VBNDT9456D9ZU,"Hindalco Industries Limited",294601,329246,59264,26756
24HOXWP5570I5ZU,"HDFC Bank Limited",914732,589986,106197,43226
33XCKCN7357O4ZL,"Maruti Suzuki India Limited",1308885,813628,146453,51632
24JOGYF0421Y5ZS,"Power Grid Corp of India",976639,562869,101316,14427
09DTZSK4576B9ZT,"Adani Enterprises Limited",169950,115493,20788,9146
29PXXIH9154N5ZQ,"UltraTech Cement Limited",1133141,976320,175737,40534
24FDVNY0763F8ZM,"Tata Consultancy Services",630216,574355,103383,13239
29CKNSS0864U8ZP,"Eicher Motors Limited",1656911,954831,171869,57388
07KYRLB3172K8ZY,"Oracle India Private Limited",291724,231836,41730,20646
07UDGTW3291E7ZW,"Mahindra & Mahindra Limited",535525,486820,87627,20327
29ZAXNL4925E6ZQ,"Power Grid Corp of India",1222441,977589,175966,52250
24IWXLL5071W1ZK,"Microsoft India Pvt Ltd",180693,172172,30990,15328
27DUJKZ1018X3ZU,"Coal India Limited",234641,178849,32192,8669
24AGUZJ2365Z6ZI,"Tech Mahindra Limited",552629,378416,68114,123105
27IUVKR8290I4ZR,"Divi's Laboratories",651484,514289,92572,29919
27BFYZG5356G7ZG,"Hindustan Unilever Limited",1120710,598156,107668,18730
27BMACV5497X9ZI,"Hindalco Industries Limited",849109,758909,136603,37747
24OZNMZ3916A2ZJ,"Microsoft India Pvt Ltd",837451,672433,121037,50132
27SSHFO1085L6ZA,"Tata Steel Limited",589003,332473,59845,10982
27DWLKG4229V8ZJ,"Power Grid Corp of India",240631,193689,34864,5367
27PIEQX4577W8ZY,"Divi's Laboratories",293400,193473,34825,7291
29RTKIR2895K1ZB,"Microsoft India Pvt Ltd",369792,272879,49118,1203
09PUWBY0215W4ZM,"Nestle India Limited",1165470,650445,117080,199278
33BKNNL6347L5ZY,"UltraTech Cement Limited",126693,148710,26767,11994
09MFCWS6608E2ZK,"Asian Paints Limited",862770,706671,127200,19767
09EQXOK0036E9ZI,"Nestle India Limited",479518,356526,64174,28649
29ZOTTI5319S1ZL,"Tata Motors Limited",991818,848893,152800,36944
27VVAEU0982O2ZU,"Intel Technology India",634843,567446,102140,16610
09MOSHI0119F1ZM,"Nestle India Limited",549955,879441,158299,73201
27CCQJR8327R3ZS,"Nestle India Limited",851556,570298,102653,9316
07TOGKZ5303H9ZL,"Cipla Limited",1467524,834343,150181,14921
27PUTZU7568V6ZK,"ITC Limited",374542,537491,96748,212486
24MEWAK2607A1ZR,"Asian Paints Limited",441247,527176,94891,17366
24OCUSV8995W4ZA,"Maruti Suzuki India Limited",1005933,943753,169875,22475
09DTTCM5120U5ZH,"Cipla Limited",972865,511159,92008,36261
27TIVRJ9558U3ZO,"Google India Pvt Ltd",644757,765725,137830,58550
09SUKKW2026J8ZY,"Bharti Airtel Limited",754162,983224,176980,69097
29YUVCT5000L7ZT,"Flipkart Internet Pvt Ltd",1333878,896297,161333,18204
27PGBNW1628N4ZH,"Britannia Industries Limited",1219053,702081,126374,33190
07YPDBC1666S4ZK,"Tech Mahindra Limited",121111,109959,19792,1972
29FLFTZ2789E9ZA,"Infosys Limited",204371,336177,60511,13145
33CDJEM7210V3ZN,"Sun Pharmaceutical Industries",1453687,778119,140061,42086
29EWDRF9701R8ZA,"Oracle India Private Limited",412224,306786,55221,10139
29IJPMK0423C1ZF,"NTPC Limited",86652,165479,29786,13778
09ZUOHT7419I3ZD,"Amazon Seller Services Pvt Ltd",210225,141659,25498,62374
07ODKXY0330J9ZK,"Mahindra & Mahindra Limited",848243,460899,82961,28880
09ASTIP1280D3ZD,"ITC Limited",561272,756338,136140,35274
27FVRPC9740O2ZS,"Tech Mahindra Limited",1822758,911520,164073,8653
29GTHML5288L7ZJ,"State Bank of India",509217,394570,71022,11152
27ZEXKI2984S8ZF,"Microsoft India Pvt Ltd",268122,401556,72280,7875
27LWJMS0432Y2ZY,"Hindustan Unilever Limited",627003,619497,111509,12750
33CKQQE9167Z1ZV,"Mahindra & Mahindra Limited",524075,968745,174374,62080
27SJTWY2986D4ZU,"Nestle India Limited",469096,419308,75475,107106
09BPYZS8960D2ZP,"Maruti Suzuki India Limited",787480,956570,172182,66688
07NYPKH3455D2ZA,"HDFC Bank Limited",586905,406006,73081,18137
24BCXGT0236A8ZH,"Microsoft India Pvt Ltd",302005,273345,49202,3320
33PMLHR0319G4ZR,"Bajaj Auto Limited",975128,845268,152148,75639
33SJOCG9934D7ZG,"Tech Mahindra Limited",490093,784017,141123,162396
07BRKOE6855Y6ZP,"Google India Pvt Ltd",223516,233107,41959,66030
09IARTC1851K6ZL,"Flipkart Internet Pvt Ltd",1247201,798388,143709,11546
27MVBWM2744H9ZE,"Bharti Airtel Limited",1368643,987071,177672,49758
09GKRRM7554L7ZU,"Oracle India Private Limited",177990,101860,18334,20769
07GGMDZ8126X2ZX,"Nestle India Limited",244164,194021,34923,3809
24IXRGI8024W4ZI,"Oracle India Private Limited",905836,650097,117017,40956
27ZYJYG9668D7ZM,"Tata Motors Limited",1010270,796431,143357,2686
07VEHJS9732P2ZB,"Maruti Suzuki India Limited",186389,197771,35598,5064
29IYYOZ6273Y2ZZ,"Microsoft India Pvt Ltd",371263,650085,117015,48725
29UVBIT2258Q2ZE,"State Bank of India",763263,621373,111847,17160
33RKICU7118C9ZA,"Power Grid Corp of India",820876,778271,140088,6284
09LQCQO6016G6ZH,"Tata Steel Limited",325842,208682,37562,18777
29AJTSN1563V4ZW,"Coal India Limited",1114719,635086,114315,6020
27JMCHK6370D6ZK,"Cisco Systems India",792262,822306,148015,177850
07NMHNA0190C8ZR,"IndusInd Bank Limited",1019807,673304,121194,32858
29CTNMU8004A1ZQ,"Flipkart Internet Pvt Ltd",334880,228619,41151,11047
09QWKUR1944S4ZO,"Cisco Systems India",553226,480947,86570,15534
07XZJOC4477P7ZV,"Google India Pvt Ltd",263421,136771,24618,9972
29DGCWU3526D5ZU,"Eicher Motors Limited",661606,654772,117858,40529
33WLLUG7668X1ZK,"Amazon Seller Services Pvt Ltd",496700,487968,87834,24442
29LGXBR6746J5ZW,"Larsen & Toubro Limited",1696700,972184,174993,22630
09EUTRT0347H5ZG,"Intel Technology India",1225997,741996,133559,52795
24RKLZM6187O9ZX,"BMW India Private Limited",1035968,992743,178693,13744
09YRXKI0073M6ZN,"Mahindra & Mahindra Limited",1257191,807285,145311,63596
27RXHFS9071N1ZZ,"Power Grid Corp of India",260879,397101,71478,27858
24VAKQD4247E1ZD,"Amazon Seller Services Pvt Ltd",366266,490965,88373,22287
29WHFMJ1643B5ZI,"JSW Steel Limited",146185,126999,22859,10195
27IISQA0708J2ZH,"Tech Mahindra Limited",364474,352885,63519,23098
24WQOGK8052Z5ZI,"Google India Pvt Ltd",574468,733403,132012,45962
24ZBPKM9320P3ZY,"Divi's Laboratories",488357,428562,77141,6711
24DAJEQ7499Z8ZV,"Larsen & Toubro Limited",991466,647440,116539,30419
27RHCIM5792X7ZH,"Wipro Limited",134216,101263,18227,4264
09OMXLE4805P8ZT,"Nestle India Limited",161219,259766,46757,86700
24ZQETM5182J2ZP,"Larsen & Toubro Limited",511382,656049,118088,24794
27GFEZF8168Q7ZJ,"Intel Technology India",1366165,783916,141104,1001
33IQRKK4195P3ZA,"Dr. Reddy's Laboratories",781667,653654,117657,8686
09ZXRLQ6627K4ZV,"Tech Mahindra Limited",1153625,947671,170580,30773
27XSIEX6274L7ZG,"PVR INOX Limited",984646,736740,132613,51831
07TQVAX2018D3ZU,"ICICI Bank Limited",522315,817056,147070,41943
07AWLQL9542R2ZI,"ICICI Bank Limited",1129508,677762,121997,21587
09YFCTJ3618V8ZK,"Maruti Suzuki India Limited",402265,525319,94557,283294
07GIADY2123U8ZY,"Infosys Limited",694451,862306,155215,305009
24RSQBV7970Y9ZY,"Tata Motors Limited",1248548,792434,142638,43788
24QFFMQ2264X3ZY,"Google India Pvt Ltd",698749,545640,98215,15087
27FHWFI4166P5ZT,"Dr. Reddy's Laboratories",494769,781843,140731,6126
09UDSGG1421P3ZD,"Cisco Systems India",689914,827360,148924,16139
33EHGPW4313S1ZF,"Tech Mahindra Limited",516840,448328,80699,21510
07FGGRH1814Y9ZE,"Coal India Limited",913751,649839,116971,27912
07NJRGG9262G2ZJ,"BMW India Private Limited",806526,753321,135597,405400
24XDXTG3139J3ZD,"Google India Pvt Ltd",273828,434902,78282,36710
29RQOPQ1630F7ZS,"Tech Mahindra Limited",549615,701346,126242,7905
07KARZJ3783B4ZN,"Sun Pharmaceutical Industries",744209,709246,127664,6682
24DFUOR0585J6ZN,"Cipla Limited",784073,618276,111289,4009
27CQESA9493A7ZS,"Oracle India Private Limited",768680,474599,85427,34688
27IPDRM2351O2ZL,"Britannia Industries Limited",411211,298014,53642,506
27AUOJO5127G1ZH,"Tata Motors Limited",1118234,589547,106118,38837
29CDQWC3487S3ZH,"Asian Paints Limited",240860,221060,39790,14282
07LGFRP3217N8ZB,"Cipla Limited",981235,527861,95014,19331
27BUIIE6016O8ZV,"Power Grid Corp of India",696948,444682,80042,36653
09IERQE5908P3ZI,"HCL Technologies Limited",1735453,964636,173634,32951
09XGNSD9635N9ZU,"Amazon Seller Services Pvt Ltd",1565958,982253,176805,49059
33ZBAGX6434N2ZX,"Power Grid Corp of India",1629905,899524,161914,52638
29BXFRF9109M6ZT,"Sun Pharmaceutical Industries",1608901,851478,153266,20645
29FSTKK1017B3ZH,"Apple India Private Limited",934574,636339,114541,56620
24JEOKS9797E1ZB,"Power Grid Corp of India",178103,162740,29293,2269
07OVLCF5412I2ZG,"Intel Technology India",253325,249108,44839,5658
24CLIXG4848Q3ZW,"Microsoft India Pvt Ltd",1091515,636600,114588,56912
29KVIUE0844Q5ZK,"Tech Mahindra Limited",880817,550259,99046,5822
29LRDNS4594R1ZJ,"IndusInd Bank Limited",870381,954809,171865,72896
27JMSVD5627J3ZC,"Reliance Industries Limited",922273,691903,124542,49970
29FGZCP3449C5ZB,"Microsoft India Pvt Ltd",180956,123659,22258,1383
29ZJKYD9315W4ZM,"Cisco Systems India",329467,540010,97201,20231
33CZNRY2461T8ZC,"PVR INOX Limited",1084473,673439,121219,22722
24AVWNH6998T8ZT,"Nestle India Limited",527364,510712,91928,27869
09VVJTF9866X9ZL,"Cisco Systems India",85413,128997,23219,6774
07JANIT6216C6ZN,"Google India Pvt Ltd",1144323,582433,104837,25894
07TWJDD5437B4ZL,"UltraTech Cement Limited",505462,309331,55679,23090
27ORMOG7375G4ZB,"Maruti Suzuki India Limited",205703,188076,33853,4431
24MOQSD5167X1ZT,"Coal India Limited",1008332,596276,107329,39015
29IDQOG5150F2ZU,"Bajaj Auto Limited",795839,567481,102146,8507
27JXWBK4058X9ZX,"Cisco Systems India",224386,117807,21205,8274
29LANII4136R4ZB,"Oracle India Private Limited",395239,402750,72495,12730
24OUURW8723H6ZX,"Flipkart Internet Pvt Ltd",726927,422269,76008,18669
29GFUTM3229S1ZY,"Hindustan Unilever Limited",1071262,606993,109258,39238
27OAEMW2592V7ZY,"Hero MotoCorp Limited",1044513,700808,126145,2191
33NCNWU2895P1ZF,"Apollo Hospitals Enterprise",529513,331534,59676,4214
29HJLQB9384Z5ZK,"Power Grid Corp of India",567265,864486,155607,74693
33YMPLF3147D2ZX,"Microsoft India Pvt Ltd",289495,146474,26365,5739
33MNMKE7722B5ZP,"Wipro Limited",1680794,905619,163011,380994
27ARQTK9610O8ZP,"Apollo Hospitals Enterprise",1003626,527905,95022,29384
29LJFPN2555A3ZL,"Larsen & Toubro Limited",526274,869586,156525,15638
29DTJQQ7093J5ZO,"Larsen & Toubro Limited",1445228,799016,143822,7631
29LLWIS6188K5ZW,"Hindalco Industries Limited",616490,775077,139513,15741
09JYHOB7857I3ZA,"Wipro Limited",882173,737833,132809,8007
29XXLFS7973D5ZN,"Cipla Limited",127345,116889,21040,7721
33IWTCK0538M5ZW,"Cipla Limited",638246,411483,74066,5015
33QDXDY9689Z3ZN,"Britannia Industries Limited",442508,263346,47402,9308
09CWTNL8670H6ZL,"Samsung India Electronics",1591409,807152,145287,31543
24OSFEI7472V5ZR,"ICICI Bank Limited",629397,947263,170507,66680
33YUBBE7516L6ZX,"Larsen & Toubro Limited",122998,107566,19361,1566
24XJXOQ6798M5ZS,"Flipkart Internet Pvt Ltd",1219708,716271,128928,56430
29ZGEEN4998C1ZA,"Infosys Limited",420720,686346,123542,22314
07XNXQG8318Y5ZS,"Asian Paints Limited",748475,858347,154502,303044
27EMDHL7752I6ZU,"Tata Consultancy Services",1202691,669435,120498,28788
09QTJNZ4945Z9ZA,"Apollo Hospitals Enterprise",489248,264667,47640,18675
07EQBTT2543H8ZL,"Larsen & Toubro Limited",580894,975906,175663,78946
27CCLEM9953V8ZP,"Infosys Limited",468300,364365,65585,6219
07ZYRJS6629Y5ZN,"Nestle India Limited",151498,191290,34432,3077
33WOGTK3017X2ZT,"Power Grid Corp of India",788061,860897,154961,73010
09RBUNY2075F5ZQ,"Power Grid Corp of India",507881,364875,65677,2479
07YNXUD2214T8ZJ,"Tech Mahindra Limited",612461,383655,69057,6873
33TCOIM0573K9ZO,"Bharti Airtel Limited",354741,278823,50188,18081
09KZTAF4099N9ZW,"IndusInd Bank Limited",1190476,721380,129848,48863
07ZAZKD2791G9ZO,"Britannia Industries Limited",1474931,874333,157379,29760
09LWVTT8100T2ZN,"PVR INOX Limited",195894,163112,29360,8404
29VNHOV0567S7ZZ,"Cisco Systems India",1754355,887242,159703,17194
07JJRRV8963H8ZD,"Britannia Industries Limited",894255,560953,100971,38333
27FENWZ1006T9ZJ,"HCL Technologies Limited",390559,503905,90702,96218
09BKAYF2869U3ZI,"Tata Motors Limited",439804,331218,59619,28958
07IVDJN0655X3ZA,"Tata Consultancy Services",227916,186082,33494,10690
07CDSVL4654H3ZK,"Microsoft India Pvt Ltd",278145,181716,32708,98087
33IEOTR9847F2ZV,"Mahindra & Mahindra Limited",230527,448449,80720,32609
33ZSWOD4072W9ZB,"Oracle India Private Limited",1288104,701370,126246,30498
07SGQJA7852M4ZM,"Tata Motors Limited",751285,451620,81291,1146
29KBQJY7986L8ZU,"Dr. Reddy's Laboratories",989612,547721,98589,40080
33WRJPU9183S7ZE,"Sun Pharmaceutical Industries",1098193,814629,146633,16760
33CJCUA2555T6ZR,"Reliance Industries Limited",466999,416474,74965,28888
27VIOLR7465U3ZN,"Tata Motors Limited",354534,323916,58304,13802
29RGVZP1735K1ZN,"Reliance Industries Limited",1341730,734987,132297,18964
29JELDV5527G8ZO,"Hero MotoCorp Limited",1059743,702972,126534,214849
33HZACD9002S9ZQ,"BMW India Private Limited",691938,749211,134857,57655
29KMOHG7948P3ZP,"Hindustan Unilever Limited",1254319,738710,132967,25887
33EKALJ8610Q1ZU,"Eicher Motors Limited",1407280,906126,163102,27267
27PWAUG5006W9ZN,"Intel Technology India",242324,148485,26727,8116
29LLVFQ9412K4ZU,"Cipla Limited",1195132,716793,129022,32089
07RVWAR0916P7ZG,"Britannia Industries Limited",949562,589805,106164,44871
33MLDFI0647T2ZR,"Adani Enterprises Limited",155160,235646,42416,3416
27QBWXY1034Q1ZX,"Microsoft India Pvt Ltd",296237,308296,55493,18885
33OLNBI7471F8ZZ,"JSW Steel Limited",498502,293623,52852,16446
24HXNKE8212V1ZL,"Power Grid Corp of India",1464516,787606,141769,6230
07SHRCF8605F3ZL,"Cipla Limited",256562,368433,66317,23877
27TTXHP1507Q3ZS,"Nestle India Limited",1598327,861218,155019,61496
27MBBCC0019V8ZK,"HDFC Bank Limited",322367,534441,96199,44255
33AZVAV2739Q6ZT,"Flipkart Internet Pvt Ltd",683633,499342,89881,176593
29YRZVU1641B4ZK,"Britannia Industries Limited",1246335,881952,158751,41544
07TUIZY2964Z4ZQ,"Microsoft India Pvt Ltd",243534,196975,35455,7001
33KJSHT9326R7ZN,"Intel Technology India",978787,493116,88760,23763
29KPQJR4792S6ZK,"Sun Pharmaceutical Industries",270943,141524,25474,4473
24CXYYP8503H7ZF,"Adani Enterprises Limited",579243,929622,167331,80770
09EPDNI7278W4ZA,"State Bank of India",368038,404065,72731,157394
29WOZBU9463H3ZJ,"Tata Consultancy Services",1764108,992930,178727,76117
29DULTH9852R1ZF,"Larsen & Toubro Limited",270198,160447,28880,10270
24DKAWU3840R5ZO,"Flipkart Internet Pvt Ltd",382786,612726,110290,45859
24ZLZDZ6762N4ZK,"ITC Limited",782351,460868,82956,17675
09CCQSR6912C1ZJ,"Titan Company Limited",199246,194177,34951,11813
29XALYQ4025S7ZC,"HDFC Bank Limited",169307,223489,40228,11624
33WVKRK6931J2ZG,"Reliance Industries Limited",300658,405601,73008,12062
24QHUQI1027R6ZF,"Maruti Suzuki India Limited",640466,747810,134605,16421
07PGGBY8632O5ZX,"Google India Pvt Ltd",130382,184113,33140,15863
27LFFZS2026X8ZL,"Intel Technology India",1440696,867097,156077,70109
27KFODS9195O2ZJ,"Tata Consultancy Services",559722,854967,153894,29154
27GVJQV7987V7ZY,"PVR INOX Limited",272753,227847,41012,3206
07KYCAM0464Z6ZP,"Apollo Hospitals Enterprise",910710,748947,134810,22819
27KZXKT8707F2ZE,"Reliance Industries Limited",1285347,695743,125233,8671
09TJTQC5983P3ZB,"IndusInd Bank Limited",1436708,869212,156458,55265
27LGYYR5001O9ZY,"Hero MotoCorp Limited",814106,636008,114481,51704
07UNQOF8901Y7ZK,"Nestle India Limited",1382336,836766,150617,53274
27OJBRZ9885L4ZW,"State Bank of India",238398,144062,25931,8830
33BDYMF6447N6ZR,"Tata Steel Limited",724460,639108,115039,161849
09OAAGG6528J6ZE,"Hindustan Unilever Limited",502967,363694,65464,5266
09JSPKJ4558K2ZQ,"ICICI Bank Limited",304189,494602,89028,35949
24CVJRQ0418G9ZN,"HDFC Bank Limited",905522,592789,106702,50056
33ORKCO1588B5ZU,"HDFC Bank Limited",880674,893120,160761,229004
27CAPYP6458M2ZI,"NTPC Limited",198704,198117,35661,4843
09HZBMT4972B1ZZ,"Larsen & Toubro Limited",1375806,831421,149655,434990
33IWXYT9952P8ZN,"Divi's Laboratories",1129259,680580,122504,4015
29ISEIK0718I9ZE,"HCL Technologies Limited",114724,114941,20689,4658
33OJAOV9030M5ZV,"NTPC Limited",817781,964954,173691,10982
07MLTHG1680R4ZG,"Grasim Industries Limited",383109,490411,88273,31806
09BXZQP8769I4ZA,"UltraTech Cement Limited",862498,636457,114562,52667
27EFAVJ2106F7ZP,"HCL Technologies Limited",572798,574735,103452,9160
33SCFCX3895R7ZO,"BMW India Private Limited",653521,826922,148845,18902
33MZSQC9196M4ZQ,"Microsoft India Pvt Ltd",364865,277020,49863,12857
29NVWIB8121B6ZB,"Hindustan Unilever Limited",100342,166973,30055,8284
07LZJUD7914V5ZA,"Titan Company Limited",226317,146967,26454,9554
24QDEOS5640X9ZP,"Hindalco Industries Limited",1322215,749886,134979,30288
07GZFET0244P2ZI,"Tata Consultancy Services",709877,425681,76622,17627
09WKLIG1639X8ZQ,"Bajaj Auto Limited",810848,975063,175511,14669
07DDOUN2848W2ZG,"Grasim Industries Limited",394246,493802,88884,35975
29ULDSU4393O6ZV,"Samsung India Electronics",929908,740191,133234,51032
27TRHZO8132H1ZR,"Bajaj Finance Limited",360328,493316,88796,33666
33NHSAI5684I1ZG,"HDFC Bank Limited",400121,245753,44235,19701
27VIMYS1631S2ZC,"Flipkart Internet Pvt Ltd",988608,843513,151832,57029
33LRDIQ3294Q4ZS,"Maruti Suzuki India Limited",1248930,851703,153306,50778
07JNDRA6229I8ZU,"Sun Pharmaceutical Industries",308834,187131,33683,12824
07EVIKS7456U7ZF,"Britannia Industries Limited",758105,596505,107370,34320
07MYFIG7971X6ZU,"Power Grid Corp of India",1757047,913087,164355,13797
29UTSND7220I5ZN,"Tata Steel Limited",131010,151814,27326,10994
24BDLJY3734P9ZM,"Adani Enterprises Limited",763671,617913,111224,9995
29WDULZ9303E7ZO,"Samsung India Electronics",965253,615581,110804,25808
27QISES8963Q3ZP,"HDFC Bank Limited",1125154,884651,159237,17985
33YFNWJ7626L4ZX,"Tata Consultancy Services",851987,747727,134590,30121
33POUOS0393H4ZA,"Asian Paints Limited",626763,551479,99266,5194
33BQNKP9362N1ZO,"State Bank of India",856811,914902,164682,13171
09BXMTZ9188T6ZZ,"Intel Technology India",166840,216829,39029,10757
33KDFTY3420R8ZM,"Cisco Systems India",1036257,941080,169394,23593
27GRXHM6786M7ZR,"Tata Motors Limited",946672,516853,93033,2216
33WENKC6321O4ZE,"NTPC Limited",590470,391380,70448,28001
33HXXDS5325X1ZN,"Asian Paints Limited",346736,301383,54248,1037
29LAQWR1282P2ZN,"Cisco Systems India",504794,837078,150674,60861
09PRZLG1854C8ZJ,"State Bank of India",139406,138271,24888,3419
29RFIQX5862U2ZF,"ICICI Bank Limited",807385,733687,132063,21711
29NRXIN9168P8ZV,"UltraTech Cement Limited",246520,394248,70964,13093
09APOIV8685A8ZL,"Bajaj Auto Limited",448850,247759,44596,13450
29RALKW4309W6ZU,"IndusInd Bank Limited",137816,195353,35163,8461
33MJERF6566Q4ZE,"Tata Motors Limited",190755,359388,64689,1585
29PCYPD3540G4ZF,"Flipkart Internet Pvt Ltd",954631,552408,99433,40352
07TYICD6512I2ZP,"Flipkart Internet Pvt Ltd",934977,836817,150627,442181
09ZPXWB8389L4ZC,"Mahindra & Mahindra Limited",343135,467190,84094,7874
33LDSOV2266H4ZT,"Tata Consultancy Services",985890,817863,147215,150639
07APRSM5477J6ZK,"Flipkart Internet Pvt Ltd",592884,412970,74334,29708
29NUSFS5406C7ZB,"BMW India Private Limited",960476,797353,143523,3591
09KZXGU7881A1ZH,"Adani Enterprises Limited",605166,529619,95331,44673
09NETXN0140F6ZM,"Nestle India Limited",1058641,717454,129141,13828
09GILSQ7714G4ZU,"UltraTech Cement Limited",718172,568840,102391,16831
24LWYYS6362L4ZB,"Adani Enterprises Limited",517673,740560,133300,51788
29GQMVV3124R3ZS,"Oracle India Private Limited",739535,495708,89227,131940